date,price,volume
2017-09-15 01:00:00,2.367,62
2017-09-16 01:00:00,1.618,77
2017-09-17 01:00:00,1.569,73
2017-09-18 01:00:00,1.625,52
2017-09-19 01:00:00,1.351,46
2017-09-20 01:00:00,1.238,66
2017-09-21 01:00:00,1.385,61
2017-09-22 01:00:00,1.44,45
2017-09-23 01:00:00,1.324,64
2017-09-24 01:00:00,1.159,80
2017-09-25 01:00:00,1.188,63
2017-09-26 01:00:00,1.157,55
2017-09-27 01:00:00,1.173,59
2017-09-28 01:00:00,1.247,52
2017-09-29 01:00:00,1.28,64
2017-09-30 01:00:00,1.272,70
2017-10-01 01:00:00,1.07,74
2017-10-02 01:00:00,1.043,64
2017-10-03 01:00:00,1.065,70
2017-10-04 01:00:00,1.086,60
2017-10-05 01:00:00,1.05,72
2017-10-06 01:00:00,1.024,56
2017-10-07 01:00:00,1.121,79
2017-10-08 01:00:00,1.163,67
2017-10-09 01:00:00,1.057,63
2017-10-10 01:00:00,1.033,49
2017-10-11 01:00:00,1.076,56
2017-10-12 01:00:00,1.073,66
2017-10-13 01:00:00,1.045,58
2017-10-14 01:00:00,1.021,82
2017-10-15 01:00:00,1.044,73
2017-10-16 01:00:00,1.003,63
2017-10-17 01:00:00,1.012,58
2017-10-18 01:00:00,0.997,80
2017-10-19 01:00:00,0.973,70
2017-10-20 01:00:00,0.993,83
2017-10-21 01:00:00,0.978,71
2017-10-22 01:00:00,0.952,81
2017-10-23 01:00:00,0.878,69
2017-10-24 01:00:00,0.905,58
2017-10-25 01:00:00,0.913,69
2017-10-26 01:00:00,0.908,74
2017-10-27 01:00:00,0.885,69
2017-10-28 01:00:00,0.911,80
2017-10-29 01:00:00,0.896,79
2017-10-30 01:00:00,0.88,73
2017-10-31 01:00:00,0.871,71
2017-11-01 01:00:00,0.823,65
2017-11-02 01:00:00,0.84,65
2017-11-03 01:00:00,0.791,90
2017-11-04 01:00:00,0.84,98
2017-11-05 01:00:00,0.855,67
2017-11-06 01:00:00,0.853,76
2017-11-07 01:00:00,0.82,57
2017-11-08 01:00:00,0.821,62
2017-11-09 01:00:00,0.827,82
2017-11-10 01:00:00,0.843,77
2017-11-11 01:00:00,0.854,69
2017-11-12 01:00:00,0.828,93
2017-11-13 01:00:00,0.828,66
2017-11-14 01:00:00,0.767,69
2017-11-15 01:00:00,0.742,78
2017-11-16 01:00:00,0.761,71
2017-11-17 01:00:00,0.77,88
2017-11-18 01:00:00,0.789,91
2017-11-19 01:00:00,0.765,87
2017-11-20 01:00:00,0.774,61
2017-11-21 01:00:00,0.732,64
2017-11-22 01:00:00,0.711,76
2017-11-23 01:00:00,0.696,82
2017-11-24 01:00:00,0.67,80
2017-11-25 01:00:00,0.678,81
2017-11-26 01:00:00,0.675,100
2017-11-27 01:00:00,0.644,90
2017-11-28 01:00:00,0.651,81
2017-11-29 01:00:00,0.639,81
2017-11-30 01:00:00,0.649,92
2017-12-01 01:00:00,0.64,100
2017-12-02 01:00:00,0.624,108
2017-12-03 01:00:00,0.645,110
2017-12-04 01:00:00,0.631,99
2017-12-05 01:00:00,0.652,82
2017-12-06 01:00:00,0.672,85
2017-12-07 01:00:00,0.664,68
2017-12-08 01:00:00,0.687,79
2017-12-09 01:00:00,0.71,99
2017-12-10 01:00:00,0.697,100
2017-12-11 01:00:00,0.689,96
2017-12-12 01:00:00,0.696,72
2017-12-13 01:00:00,0.696,75
2017-12-14 01:00:00,0.679,77
2017-12-15 01:00:00,0.68,99
2017-12-16 01:00:00,0.719,99
2017-12-17 01:00:00,0.694,99
2017-12-18 01:00:00,0.71,65
2017-12-19 01:00:00,0.67,97
2017-12-20 01:00:00,0.688,69
2017-12-21 01:00:00,0.641,90
2017-12-22 01:00:00,0.599,97
2017-12-23 01:00:00,0.593,87
2017-12-24 01:00:00,0.625,116
2017-12-25 01:00:00,0.619,99
2017-12-26 01:00:00,0.652,122
2017-12-27 01:00:00,0.62,123
2017-12-28 01:00:00,0.651,114
2017-12-29 01:00:00,0.631,108
2017-12-30 01:00:00,0.626,103
2017-12-31 01:00:00,0.655,118
2018-01-01 01:00:00,0.629,109
2018-01-02 01:00:00,0.633,123
2018-01-03 01:00:00,0.627,108
2018-01-04 01:00:00,0.63,137
2018-01-05 01:00:00,0.647,123
2018-01-06 01:00:00,0.658,107
2018-01-07 01:00:00,0.651,111
2018-01-08 01:00:00,0.671,119
2018-01-09 01:00:00,0.672,92
2018-01-10 01:00:00,0.687,96
2018-01-11 01:00:00,0.655,119
2018-01-12 01:00:00,0.725,122
2018-01-13 01:00:00,0.642,122
2018-01-14 01:00:00,0.64,124
2018-01-15 01:00:00,0.646,148
2018-01-16 01:00:00,0.664,103
2018-01-17 01:00:00,0.632,125
2018-01-18 01:00:00,0.609,116
2018-01-19 01:00:00,0.632,112
2018-01-20 01:00:00,0.643,159
2018-01-21 01:00:00,0.658,135
2018-01-22 01:00:00,0.636,113
2018-01-23 01:00:00,0.63,108
2018-01-24 01:00:00,0.606,113
2018-01-25 01:00:00,0.606,98
2018-01-26 01:00:00,0.613,136
2018-01-27 01:00:00,0.577,166
2018-01-28 01:00:00,0.593,170
2018-01-29 01:00:00,0.579,135
2018-01-30 01:00:00,0.586,113
2018-01-31 01:00:00,0.611,145
2018-02-01 01:00:00,0.6,140
2018-02-02 01:00:00,0.613,120
2018-02-03 01:00:00,0.602,158
2018-02-04 01:00:00,0.621,150
2018-02-05 01:00:00,0.651,102
2018-02-06 01:00:00,0.622,103
2018-02-07 01:00:00,0.62,115
2018-02-08 01:00:00,0.619,115
2018-02-09 01:00:00,0.603,118
2018-02-10 01:00:00,0.6,171
2018-02-11 01:00:00,0.619,158
2018-02-12 01:00:00,0.593,131
2018-02-13 01:00:00,0.601,114
2018-02-14 01:00:00,0.612,105
2018-02-15 01:00:00,0.605,115
2018-02-16 01:00:00,0.59,160
2018-02-17 01:00:00,0.573,175
2018-02-18 01:00:00,0.583,180
2018-02-19 01:00:00,0.571,149
2018-02-20 01:00:00,0.598,152
2018-02-21 01:00:00,0.582,140
2018-02-22 01:00:00,0.575,153
2018-02-23 01:00:00,0.597,154
2018-02-24 01:00:00,0.589,171
2018-02-25 01:00:00,0.584,175
2018-02-26 01:00:00,0.6,152
2018-02-27 01:00:00,0.594,143
2018-02-28 01:00:00,0.569,134
2018-03-01 01:00:00,0.583,133
2018-03-02 01:00:00,0.585,147
2018-03-03 01:00:00,0.603,166
2018-03-04 01:00:00,0.596,179
2018-03-05 01:00:00,0.604,135
2018-03-06 01:00:00,0.59,120
2018-03-07 01:00:00,0.57,137
2018-03-08 01:00:00,0.592,167
2018-03-09 01:00:00,0.585,123
2018-03-10 01:00:00,0.583,167
2018-03-11 01:00:00,0.602,143
2018-03-12 01:00:00,0.596,114
2018-03-13 01:00:00,0.583,94
2018-03-14 01:00:00,0.546,125
2018-03-15 01:00:00,0.582,113
2018-03-16 01:00:00,0.577,133
2018-03-17 01:00:00,0.58,155
2018-03-18 01:00:00,0.575,145
2018-03-19 01:00:00,0.569,97
2018-03-20 01:00:00,0.561,107
2018-03-21 01:00:00,0.552,85
2018-03-22 01:00:00,0.551,109
2018-03-23 01:00:00,0.544,109
2018-03-24 01:00:00,0.546,111
2018-03-25 01:00:00,0.536,116
2018-03-26 01:00:00,0.54,119
2018-03-27 01:00:00,0.514,124
2018-03-28 01:00:00,0.505,103
2018-03-29 01:00:00,0.51,113
2018-03-30 01:00:00,0.498,109
2018-03-31 01:00:00,0.496,135
2018-04-01 01:00:00,0.504,124
2018-04-02 01:00:00,0.522,131
2018-04-03 01:00:00,0.551,102
2018-04-04 01:00:00,0.584,85
2018-04-05 01:00:00,0.6,86
2018-04-06 01:00:00,0.6,88
2018-04-07 01:00:00,0.6,97
2018-04-08 01:00:00,0.589,113
2018-04-09 01:00:00,0.578,79
2018-04-10 01:00:00,0.539,137
2018-04-11 01:00:00,0.542,74
2018-04-12 01:00:00,0.558,92
2018-04-13 01:00:00,0.588,86
2018-04-14 01:00:00,0.599,89
2018-04-15 01:00:00,0.586,91
2018-04-16 01:00:00,0.614,87
2018-04-17 01:00:00,0.589,76
2018-04-18 01:00:00,0.608,85
2018-04-19 01:00:00,0.631,75
2018-04-20 01:00:00,0.6,65
2018-04-21 01:00:00,0.603,70
2018-04-22 01:00:00,0.612,87
2018-04-23 01:00:00,0.585,93
2018-04-24 01:00:00,0.615,55
2018-04-25 01:00:00,0.611,89
2018-04-26 01:00:00,0.605,84
2018-04-27 01:00:00,0.611,87
2018-04-28 01:00:00,0.628,90
2018-04-29 01:00:00,0.605,68
2018-04-30 01:00:00,0.603,89
2018-05-01 01:00:00,0.618,94
2018-05-02 01:00:00,0.607,77
2018-05-03 01:00:00,0.607,69
2018-05-04 01:00:00,0.603,66
2018-05-05 01:00:00,0.623,88
2018-05-06 01:00:00,0.611,87
2018-05-07 01:00:00,0.639,64
2018-05-08 01:00:00,0.637,69
2018-05-09 01:00:00,0.598,75
2018-05-10 01:00:00,0.587,73
2018-05-11 01:00:00,0.596,76
2018-05-12 01:00:00,0.609,80
2018-05-13 01:00:00,0.611,72
2018-05-14 01:00:00,0.615,77
2018-05-15 01:00:00,0.584,70
2018-05-16 01:00:00,0.618,69
2018-05-17 01:00:00,0.591,52
2018-05-18 01:00:00,0.607,75
2018-05-19 01:00:00,0.597,83
2018-05-20 01:00:00,0.605,79
2018-05-21 01:00:00,0.607,73
2018-05-22 01:00:00,0.622,70
2018-05-23 01:00:00,0.607,77
2018-05-24 01:00:00,0.602,63
2018-05-25 01:00:00,0.607,73
2018-05-26 01:00:00,0.598,81
2018-05-27 01:00:00,0.604,78
2018-05-28 01:00:00,0.634,77
2018-05-29 01:00:00,0.608,53
2018-05-30 01:00:00,0.599,61
2018-05-31 01:00:00,0.61,61
2018-06-01 01:00:00,0.61,83
2018-06-02 01:00:00,0.607,86
2018-06-03 01:00:00,0.643,93
2018-06-04 01:00:00,0.624,70
2018-06-05 01:00:00,0.618,72
2018-06-06 01:00:00,0.621,62
2018-06-07 01:00:00,0.622,65
2018-06-08 01:00:00,0.627,60
2018-06-09 01:00:00,0.618,84
2018-06-10 01:00:00,0.608,63
2018-06-11 01:00:00,0.616,68
2018-06-12 01:00:00,0.596,55
2018-06-13 01:00:00,0.587,58
2018-06-14 01:00:00,0.555,68
2018-06-15 01:00:00,0.594,51
2018-06-16 01:00:00,0.604,72
2018-06-17 01:00:00,0.613,60
2018-06-18 01:00:00,0.611,53
2018-06-19 01:00:00,0.621,51
2018-06-20 01:00:00,0.595,62
2018-06-21 01:00:00,0.576,62
2018-06-22 01:00:00,0.524,106
2018-06-23 01:00:00,0.549,72
2018-06-24 01:00:00,0.548,66
2018-06-25 01:00:00,0.538,59
2018-06-26 01:00:00,0.553,67
2018-06-27 01:00:00,0.546,59
2018-06-28 01:00:00,0.562,74
2018-06-29 01:00:00,0.549,67
2018-06-30 01:00:00,0.553,55
2018-07-01 01:00:00,0.569,51
2018-07-02 01:00:00,0.57,73
2018-07-03 01:00:00,0.569,72
2018-07-04 01:00:00,0.572,81
2018-07-05 01:00:00,0.569,64
2018-07-06 01:00:00,0.595,56
2018-07-07 01:00:00,0.595,65
2018-07-08 01:00:00,0.611,81
2018-07-09 01:00:00,0.617,69
2018-07-10 01:00:00,0.615,75
2018-07-11 01:00:00,0.612,51
2018-07-12 01:00:00,0.636,61
2018-07-13 01:00:00,0.652,64
2018-07-14 01:00:00,0.656,68
2018-07-15 01:00:00,0.672,60
2018-07-16 01:00:00,0.711,60
2018-07-17 01:00:00,0.72,62
2018-07-18 01:00:00,0.673,65
2018-07-19 01:00:00,0.666,59
2018-07-20 01:00:00,0.679,54
2018-07-21 01:00:00,0.682,64
2018-07-22 01:00:00,0.683,54
2018-07-23 01:00:00,0.671,51
2018-07-24 01:00:00,0.681,50
2018-07-25 01:00:00,0.694,63
2018-07-26 01:00:00,0.675,60
2018-07-27 01:00:00,0.691,67
2018-07-28 01:00:00,0.65,45
2018-07-29 01:00:00,0.631,50
2018-07-30 01:00:00,0.645,64
2018-07-31 01:00:00,0.647,51
2018-08-01 01:00:00,0.653,52
2018-08-02 01:00:00,0.618,50
2018-08-03 01:00:00,0.616,81
2018-08-04 01:00:00,0.619,78
2018-08-05 01:00:00,0.602,67
2018-08-06 01:00:00,0.592,76
2018-08-07 01:00:00,0.618,81
2018-08-08 01:00:00,0.615,68
2018-08-09 01:00:00,0.578,85
2018-08-10 01:00:00,0.561,85
2018-08-11 01:00:00,0.566,85
2018-08-12 01:00:00,0.567,89
2018-08-13 01:00:00,0.567,86
2018-08-14 01:00:00,0.552,74
2018-08-15 01:00:00,0.536,80
2018-08-16 01:00:00,0.54,82
2018-08-17 01:00:00,0.552,75
2018-08-18 01:00:00,0.532,80
2018-08-19 01:00:00,0.547,75
2018-08-20 01:00:00,0.571,83
2018-08-21 01:00:00,0.559,88
2018-08-22 01:00:00,0.559,61
2018-08-23 01:00:00,0.538,61
2018-08-24 01:00:00,0.509,85
2018-08-25 01:00:00,0.51,83
2018-08-26 01:00:00,0.512,87
2018-08-27 01:00:00,0.51,80
2018-08-28 01:00:00,0.5,92
2018-08-29 01:00:00,0.508,72
2018-08-30 01:00:00,0.518,75
2018-08-31 01:00:00,0.505,69
2018-09-01 01:00:00,0.508,73
2018-09-02 01:00:00,0.521,87
2018-09-03 01:00:00,0.514,74
2018-09-04 01:00:00,0.52,61
2018-09-05 01:00:00,0.516,53
2018-09-06 01:00:00,0.499,72
2018-09-07 01:00:00,0.502,85
2018-09-08 01:00:00,0.512,78
2018-09-09 01:00:00,0.522,83
2018-09-10 01:00:00,0.499,79
2018-09-11 01:00:00,0.503,58
2018-09-12 01:00:00,0.524,66
2018-09-13 01:00:00,0.522,67
2018-09-14 01:00:00,0.528,71
2018-09-15 01:00:00,0.493,88
2018-09-16 01:00:00,0.511,96
2018-09-17 01:00:00,0.522,57
2018-09-18 01:00:00,0.518,71
2018-09-19 01:00:00,0.496,66
2018-09-20 01:00:00,0.492,50
2018-09-21 01:00:00,0.49,71
2018-09-22 01:00:00,0.48,95
2018-09-23 01:00:00,0.499,91
2018-09-24 01:00:00,0.504,63
2018-09-25 01:00:00,0.51,44
2018-09-26 01:00:00,0.518,77
2018-09-27 01:00:00,0.494,62
2018-09-28 01:00:00,0.514,62
2018-09-29 01:00:00,0.489,83
2018-09-30 01:00:00,0.492,69
2018-10-01 01:00:00,0.495,67
2018-10-02 01:00:00,0.491,68
2018-10-03 01:00:00,0.501,75
2018-10-04 01:00:00,0.496,73
2018-10-05 01:00:00,0.496,67
2018-10-06 01:00:00,0.5,71
2018-10-07 01:00:00,0.491,95
2018-10-08 01:00:00,0.498,60
2018-10-09 01:00:00,0.503,72
2018-10-10 01:00:00,0.506,103
2018-10-11 01:00:00,0.488,62
2018-10-12 01:00:00,0.513,96
2018-10-13 01:00:00,0.51,86
2018-10-14 01:00:00,0.522,100
2018-10-15 01:00:00,0.527,70
2018-10-16 01:00:00,0.52,88
2018-10-17 01:00:00,0.529,70
2018-10-18 01:00:00,0.522,85
2018-10-19 01:00:00,0.554,67
2018-10-20 01:00:00,0.551,75
2018-10-21 01:00:00,0.554,86
2018-10-22 01:00:00,0.571,62
2018-10-23 01:00:00,0.524,58
2018-10-24 01:00:00,0.516,45
2018-10-25 01:00:00,0.5,70
2018-10-26 01:00:00,0.495,78
2018-10-27 01:00:00,0.459,91
2018-10-28 01:00:00,0.475,76
2018-10-29 01:00:00,0.475,61
2018-10-30 01:00:00,0.476,72
2018-10-31 01:00:00,0.469,86
2018-11-01 01:00:00,0.452,64
2018-11-02 01:00:00,0.507,63
2018-11-03 01:00:00,0.474,74
2018-11-04 01:00:00,0.478,65
2018-11-05 01:00:00,0.457,66
2018-11-06 01:00:00,0.477,70
2018-11-07 01:00:00,0.476,52
2018-11-08 01:00:00,0.472,66
2018-11-09 01:00:00,0.491,93
2018-11-10 01:00:00,0.487,101
2018-11-11 01:00:00,0.475,96
2018-11-12 01:00:00,0.479,89
2018-11-13 01:00:00,0.487,63
2018-11-14 01:00:00,0.487,69
2018-11-15 01:00:00,0.483,92
2018-11-16 01:00:00,0.476,77
2018-11-17 01:00:00,0.46,94
2018-11-18 01:00:00,0.486,98
2018-11-19 01:00:00,0.486,70
2018-11-20 01:00:00,0.482,72
2018-11-21 01:00:00,0.486,90
2018-11-22 01:00:00,0.452,73
2018-11-23 01:00:00,0.464,83
2018-11-24 01:00:00,0.743,82
2018-11-25 01:00:00,0.474,84
2018-11-26 01:00:00,0.452,59
2018-11-27 01:00:00,0.46,62
2018-11-28 01:00:00,0.468,75
2018-11-29 01:00:00,0.464,61
2018-11-30 01:00:00,0.455,76
2018-12-01 01:00:00,0.459,94
2018-12-02 01:00:00,0.461,95
2018-12-03 01:00:00,0.459,85
2018-12-04 01:00:00,0.457,78
2018-12-05 01:00:00,0.461,70
2018-12-06 01:00:00,0.469,89
2018-12-07 01:00:00,0.49,94
2018-12-08 01:00:00,0.484,115
2018-12-09 01:00:00,0.501,119
2018-12-10 01:00:00,0.541,98
2018-12-11 01:00:00,0.566,85
2018-12-12 01:00:00,0.569,87
2018-12-13 01:00:00,0.579,86
2018-12-14 01:00:00,0.552,97
2018-12-15 01:00:00,0.56,121
2018-12-16 01:00:00,0.571,123
2018-12-17 01:00:00,0.6,102
2018-12-18 01:00:00,0.604,89
2018-12-19 01:00:00,0.629,111
2018-12-20 01:00:00,0.614,96
2018-12-21 01:00:00,0.577,95
2018-12-22 01:00:00,0.568,116
2018-12-23 01:00:00,0.589,105
2018-12-24 01:00:00,0.593,116
2018-12-25 01:00:00,0.61,96
2018-12-26 01:00:00,0.64,103
2018-12-27 01:00:00,0.633,118
2018-12-28 01:00:00,0.65,90
2018-12-29 01:00:00,0.616,137
2018-12-30 01:00:00,0.612,120
2018-12-31 01:00:00,0.592,99
2019-01-01 01:00:00,0.631,133
2019-01-02 01:00:00,0.618,112
2019-01-03 01:00:00,0.633,112
2019-01-04 01:00:00,0.676,98
2019-01-05 01:00:00,0.74,94
2019-01-06 01:00:00,0.718,75
2019-01-07 01:00:00,0.752,88
2019-01-08 01:00:00,0.723,80
2019-01-09 01:00:00,0.695,89
2019-01-10 01:00:00,0.715,91
2019-01-11 01:00:00,0.708,103
2019-01-12 01:00:00,0.701,113
2019-01-13 01:00:00,0.729,90
2019-01-14 01:00:00,0.705,95
2019-01-15 01:00:00,0.708,79
2019-01-16 01:00:00,0.708,95
2019-01-17 01:00:00,0.717,81
2019-01-18 01:00:00,0.686,87
2019-01-19 01:00:00,0.691,124
2019-01-20 01:00:00,0.72,93
2019-01-21 01:00:00,0.743,103
2019-01-22 01:00:00,0.755,89
2019-01-23 01:00:00,0.765,92
2019-01-24 01:00:00,0.751,104
2019-01-25 01:00:00,0.786,111
2019-01-26 01:00:00,0.799,128
2019-01-27 01:00:00,0.807,128
2019-01-28 01:00:00,0.854,114
2019-01-29 01:00:00,0.851,85
2019-01-30 01:00:00,0.912,107
2019-01-31 01:00:00,0.928,105
2019-02-01 01:00:00,0.896,122
2019-02-02 01:00:00,0.929,128
2019-02-03 01:00:00,1.017,140
2019-02-04 01:00:00,1.003,110
2019-02-05 01:00:00,0.986,96
2019-02-06 01:00:00,0.963,101
2019-02-07 01:00:00,0.941,129
2019-02-08 01:00:00,0.919,136
2019-02-09 01:00:00,0.953,134
2019-02-10 01:00:00,0.959,138
2019-02-11 01:00:00,0.955,113
2019-02-12 01:00:00,0.959,98
2019-02-13 01:00:00,1.002,126
2019-02-14 01:00:00,1.069,96
2019-02-15 01:00:00,1.157,102
2019-02-16 01:00:00,1.169,136
2019-02-17 01:00:00,1.398,132
2019-02-18 01:00:00,1.427,108
2019-02-19 01:00:00,1.326,110
2019-02-20 01:00:00,1.386,109
2019-02-21 01:00:00,1.461,123
2019-02-22 01:00:00,1.634,129
2019-02-23 01:00:00,1.664,101
2019-02-24 01:00:00,1.631,152
2019-02-25 01:00:00,1.684,122
2019-02-26 01:00:00,1.672,101
2019-02-27 01:00:00,1.616,117
2019-02-28 01:00:00,1.711,107
2019-03-01 01:00:00,1.708,118
2019-03-02 01:00:00,1.695,189
2019-03-03 01:00:00,1.669,178
2019-03-04 01:00:00,1.722,138
2019-03-05 01:00:00,1.728,128
2019-03-06 01:00:00,1.792,92
2019-03-07 01:00:00,1.759,101
2019-03-08 01:00:00,1.821,121
2019-03-09 01:00:00,1.784,147
2019-03-10 01:00:00,1.778,143
2019-03-11 01:00:00,1.785,95
2019-03-12 01:00:00,1.723,114
2019-03-13 01:00:00,1.768,109
2019-03-14 01:00:00,1.58,144
2019-03-15 01:00:00,1.462,144
2019-03-16 01:00:00,1.41,180
2019-03-17 01:00:00,1.398,178
2019-03-18 01:00:00,1.301,154
2019-03-19 01:00:00,1.394,126
2019-03-20 01:00:00,1.365,122
2019-03-21 01:00:00,1.319,124
2019-03-22 01:00:00,1.399,142
2019-03-23 01:00:00,1.337,152
2019-03-24 01:00:00,1.286,166
2019-03-25 01:00:00,1.319,126
2019-03-26 01:00:00,1.25,116
2019-03-27 01:00:00,1.235,122
2019-03-28 01:00:00,1.182,124
2019-03-29 01:00:00,1.196,142
2019-03-30 01:00:00,1.213,141
2019-03-31 01:00:00,1.206,164
2019-04-01 01:00:00,1.16,122
2019-04-02 01:00:00,1.169,113
2019-04-03 01:00:00,1.164,122
2019-04-04 01:00:00,1.23,118
2019-04-05 01:00:00,1.23,144
2019-04-06 01:00:00,1.225,148
2019-04-07 01:00:00,1.233,165
2019-04-08 01:00:00,1.278,159
2019-04-09 01:00:00,1.266,115
2019-04-10 01:00:00,1.273,133
2019-04-11 01:00:00,1.319,129
2019-04-12 01:00:00,1.32,140
2019-04-13 01:00:00,1.327,134
2019-04-14 01:00:00,1.315,135
2019-04-15 01:00:00,1.308,140
2019-04-16 01:00:00,1.272,109
2019-04-17 01:00:00,1.27,133
2019-04-18 01:00:00,1.265,126
2019-04-19 01:00:00,1.269,118
2019-04-20 01:00:00,1.22,123
2019-04-21 01:00:00,1.203,135
2019-04-22 01:00:00,1.194,104
2019-04-23 01:00:00,1.175,130
2019-04-24 01:00:00,1.2,115
2019-04-25 01:00:00,1.167,101
2019-04-26 01:00:00,1.151,130
2019-04-27 01:00:00,1.194,115
2019-04-28 01:00:00,1.168,113
2019-04-29 01:00:00,1.153,83
2019-04-30 01:00:00,1.041,133
2019-05-01 01:00:00,1.118,138
2019-05-02 01:00:00,1.104,115
2019-05-03 01:00:00,1.156,101
2019-05-04 01:00:00,1.111,138
2019-05-05 01:00:00,1.084,117
2019-05-06 01:00:00,1.104,114
2019-05-07 01:00:00,1.1,123
2019-05-08 01:00:00,1.045,136
2019-05-09 01:00:00,1.075,98
2019-05-10 01:00:00,1.061,124
2019-05-11 01:00:00,1.09,128
2019-05-12 01:00:00,1.033,173
2019-05-13 01:00:00,1.094,104
2019-05-14 01:00:00,1.056,101
2019-05-15 01:00:00,1.079,96
2019-05-16 01:00:00,1.069,109
2019-05-17 01:00:00,1.049,126
2019-05-18 01:00:00,1.038,121
2019-05-19 01:00:00,1.079,138
2019-05-20 01:00:00,1.057,105
2019-05-21 01:00:00,1.087,91
2019-05-22 01:00:00,1.062,111
2019-05-23 01:00:00,1.034,134
2019-05-24 01:00:00,1.068,141
2019-05-25 01:00:00,1.068,157
2019-05-26 01:00:00,1.049,141
2019-05-27 01:00:00,1.064,125
2019-05-28 01:00:00,1.077,126
2019-05-29 01:00:00,1.092,110
2019-05-30 01:00:00,1.163,132
2019-05-31 01:00:00,1.167,100
2019-06-01 01:00:00,1.151,131
2019-06-02 01:00:00,1.15,134
2019-06-03 01:00:00,1.178,104
2019-06-04 01:00:00,1.15,105
2019-06-05 01:00:00,1.171,105
2019-06-06 01:00:00,1.15,126
2019-06-07 01:00:00,1.164,129
2019-06-08 01:00:00,1.208,145
2019-06-09 01:00:00,1.192,144
2019-06-10 01:00:00,1.23,139
2019-06-11 01:00:00,1.215,122
2019-06-12 01:00:00,1.191,108
2019-06-13 01:00:00,1.251,119
2019-06-14 01:00:00,1.262,112
2019-06-15 01:00:00,1.212,103
2019-06-16 01:00:00,1.228,129
2019-06-17 01:00:00,1.225,135
2019-06-18 01:00:00,1.245,121
2019-06-19 01:00:00,1.197,124
2019-06-20 01:00:00,1.15,115
2019-06-21 01:00:00,1.125,115
2019-06-22 01:00:00,1.188,127
2019-06-23 01:00:00,1.172,121
2019-06-24 01:00:00,1.171,105
2019-06-25 01:00:00,1.14,136
2019-06-26 01:00:00,1.015,132
2019-06-27 01:00:00,0.989,137
2019-06-28 01:00:00,0.993,123
2019-06-29 01:00:00,0.985,140
2019-06-30 01:00:00,0.944,119
2019-07-01 01:00:00,0.926,139
2019-07-02 01:00:00,0.954,129
2019-07-03 01:00:00,0.905,96
2019-07-04 01:00:00,0.946,133
2019-07-05 01:00:00,0.946,110
2019-07-06 01:00:00,0.921,112
2019-07-07 01:00:00,0.92,137
2019-07-08 01:00:00,0.939,139
2019-07-09 01:00:00,0.945,115
2019-07-10 01:00:00,0.974,107
2019-07-11 01:00:00,0.974,107
2019-07-12 01:00:00,1.009,113
2019-07-13 01:00:00,1.002,92
2019-07-14 01:00:00,1.0,109
2019-07-15 01:00:00,0.941,113
2019-07-16 01:00:00,1.0,109
2019-07-17 01:00:00,1.007,102
2019-07-18 01:00:00,1.015,115
2019-07-19 01:00:00,0.996,97
2019-07-20 01:00:00,0.976,127
2019-07-21 01:00:00,0.956,122
2019-07-22 01:00:00,0.981,145
2019-07-23 01:00:00,0.995,122
2019-07-24 01:00:00,0.992,95
2019-07-25 01:00:00,0.99,121
2019-07-26 01:00:00,0.994,126
2019-07-27 01:00:00,0.967,113
2019-07-28 01:00:00,0.999,114
2019-07-29 01:00:00,0.983,109
2019-07-30 01:00:00,1.027,133
2019-07-31 01:00:00,1.02,111
2019-08-01 01:00:00,1.027,105
2019-08-02 01:00:00,1.018,115
2019-08-03 01:00:00,1.015,108
2019-08-04 01:00:00,0.984,115
2019-08-05 01:00:00,0.995,89
2019-08-06 01:00:00,1.0,85
2019-08-07 01:00:00,1.003,94
2019-08-08 01:00:00,0.985,104
2019-08-09 01:00:00,0.991,125
2019-08-10 01:00:00,0.96,151
2019-08-11 01:00:00,0.985,111
2019-08-12 01:00:00,1.011,122
2019-08-13 01:00:00,1.028,130
2019-08-14 01:00:00,0.988,119
2019-08-15 01:00:00,0.96,112
2019-08-16 01:00:00,0.939,122
2019-08-17 01:00:00,0.934,119
2019-08-18 01:00:00,0.946,139
2019-08-19 01:00:00,0.934,120
2019-08-20 01:00:00,0.906,116
2019-08-21 01:00:00,0.922,132
2019-08-22 01:00:00,0.925,122
2019-08-23 01:00:00,0.899,125
2019-08-24 01:00:00,0.913,121
2019-08-25 01:00:00,0.882,129
2019-08-26 01:00:00,0.9,133
2019-08-27 01:00:00,0.896,135
2019-08-28 01:00:00,0.9,101
2019-08-29 01:00:00,0.832,120
2019-08-30 01:00:00,0.872,120
2019-08-31 01:00:00,0.906,157
2019-09-01 01:00:00,0.9,127
2019-09-02 01:00:00,0.904,137
2019-09-03 01:00:00,0.904,121
2019-09-04 01:00:00,0.929,119
2019-09-05 01:00:00,0.913,133
2019-09-06 01:00:00,0.947,124
2019-09-07 01:00:00,0.931,160
2019-09-08 01:00:00,0.846,182
2019-09-09 01:00:00,0.848,143
2019-09-10 01:00:00,0.84,162
2019-09-11 01:00:00,0.829,135
2019-09-12 01:00:00,0.847,142
2019-09-13 01:00:00,0.841,153
2019-09-14 01:00:00,0.86,141
2019-09-15 01:00:00,0.875,178
2019-09-16 01:00:00,0.85,143
2019-09-17 01:00:00,0.806,120
2019-09-18 01:00:00,0.778,109
2019-09-19 01:00:00,0.793,127
2019-09-20 01:00:00,0.789,114
2019-09-21 01:00:00,0.783,148
2019-09-22 01:00:00,0.791,155
2019-09-23 01:00:00,0.777,143
2019-09-24 01:00:00,0.759,142
2019-09-25 01:00:00,0.786,241
2019-09-26 01:00:00,0.78,114
2019-09-27 01:00:00,0.78,135
2019-09-28 01:00:00,0.786,147
2019-09-29 01:00:00,0.788,148
2019-09-30 01:00:00,0.792,119
2019-10-01 01:00:00,0.786,141
2019-10-02 01:00:00,0.819,146
2019-10-03 01:00:00,0.795,161
2019-10-04 01:00:00,0.809,149
2019-10-05 01:00:00,0.811,186
2019-10-06 01:00:00,0.813,168
2019-10-07 01:00:00,0.82,104
2019-10-08 01:00:00,0.822,111
2019-10-09 01:00:00,0.813,128
2019-10-10 01:00:00,0.79,124
2019-10-11 01:00:00,0.794,154
2019-10-12 01:00:00,0.822,170
2019-10-13 01:00:00,0.831,166
2019-10-14 01:00:00,0.828,143
2019-10-15 01:00:00,0.814,110
2019-10-16 01:00:00,0.814,124
2019-10-17 01:00:00,0.809,138
2019-10-18 01:00:00,0.824,176
2019-10-19 01:00:00,0.821,282
2019-10-20 01:00:00,0.848,242
2019-10-21 01:00:00,0.87,184
2019-10-22 01:00:00,0.906,171
2019-10-23 01:00:00,0.886,180
2019-10-24 01:00:00,0.848,152
2019-10-25 01:00:00,0.822,169
2019-10-26 01:00:00,0.821,158
2019-10-27 01:00:00,0.835,176
2019-10-28 01:00:00,0.845,126
2019-10-29 01:00:00,0.808,169
2019-10-30 01:00:00,0.766,144
2019-10-31 01:00:00,0.783,143
2019-11-01 01:00:00,0.773,143
2019-11-02 01:00:00,0.773,157
2019-11-03 01:00:00,0.817,158
2019-11-04 01:00:00,0.802,139
2019-11-05 01:00:00,0.827,110
2019-11-06 01:00:00,0.815,137
2019-11-07 01:00:00,0.817,130
2019-11-08 01:00:00,0.821,176
2019-11-09 01:00:00,0.829,202
2019-11-10 01:00:00,0.813,180
2019-11-11 01:00:00,0.819,128
2019-11-12 01:00:00,0.798,124
2019-11-13 01:00:00,0.804,137
2019-11-14 01:00:00,0.792,123
2019-11-15 01:00:00,0.818,123
2019-11-16 01:00:00,0.811,153
2019-11-17 01:00:00,0.807,172
2019-11-18 01:00:00,0.796,148
2019-11-19 01:00:00,0.685,361
2019-11-20 01:00:00,0.659,179
2019-11-21 01:00:00,0.658,160
2019-11-22 01:00:00,0.634,161
2019-11-23 01:00:00,0.629,161
2019-11-24 01:00:00,0.622,181
2019-11-25 01:00:00,0.596,147
2019-11-26 01:00:00,0.576,148
2019-11-27 01:00:00,0.549,175
2019-11-28 01:00:00,0.552,158
2019-11-29 01:00:00,0.555,148
2019-11-30 01:00:00,0.568,189
2019-12-01 01:00:00,0.548,188
2019-12-02 01:00:00,0.566,144
2019-12-03 01:00:00,0.561,149
2019-12-04 01:00:00,0.575,155
2019-12-05 01:00:00,0.571,141
2019-12-06 01:00:00,0.58,153
2019-12-07 01:00:00,0.606,177
2019-12-08 01:00:00,0.608,180
2019-12-09 01:00:00,0.607,147
2019-12-10 01:00:00,0.607,134
2019-12-11 01:00:00,0.605,150
2019-12-12 01:00:00,0.607,138
2019-12-13 01:00:00,0.622,142
2019-12-14 01:00:00,0.604,190
2019-12-15 01:00:00,0.608,160
2019-12-16 01:00:00,0.576,156
2019-12-17 01:00:00,0.584,141
2019-12-18 01:00:00,0.58,170
2019-12-19 01:00:00,0.588,146
2019-12-20 01:00:00,0.583,217
2019-12-21 01:00:00,0.584,201
2019-12-22 01:00:00,0.565,173
2019-12-23 01:00:00,0.584,186
2019-12-24 01:00:00,0.588,151
2019-12-25 01:00:00,0.605,179
2019-12-26 01:00:00,0.603,205
2019-12-27 01:00:00,0.61,170
2019-12-28 01:00:00,0.611,198
2019-12-29 01:00:00,0.623,187
2019-12-30 01:00:00,0.612,185
2019-12-31 01:00:00,0.62,177
2020-01-01 01:00:00,0.598,157
2020-01-02 01:00:00,0.614,170
2020-01-03 01:00:00,0.63,199
2020-01-04 01:00:00,0.631,171
2020-01-05 01:00:00,0.635,183
2020-01-06 01:00:00,0.639,142
2020-01-07 01:00:00,0.648,167
2020-01-08 01:00:00,0.65,174
2020-01-09 01:00:00,0.637,170
2020-01-10 01:00:00,0.631,150
2020-01-11 01:00:00,0.636,183
2020-01-12 01:00:00,0.656,176
2020-01-13 01:00:00,0.647,146
2020-01-14 01:00:00,0.66,168
2020-01-15 01:00:00,0.648,140
2020-01-16 01:00:00,0.643,162
2020-01-17 01:00:00,0.634,159
2020-01-18 01:00:00,0.648,186
2020-01-19 01:00:00,0.635,192
2020-01-20 01:00:00,0.626,155
2020-01-21 01:00:00,0.64,143
2020-01-22 01:00:00,0.643,151
2020-01-23 01:00:00,0.645,170
2020-01-24 01:00:00,0.622,184
2020-01-25 01:00:00,0.614,192
2020-01-26 01:00:00,0.603,164
2020-01-27 01:00:00,0.588,185
2020-01-28 01:00:00,0.605,190
2020-01-29 01:00:00,0.608,164
2020-01-30 01:00:00,0.612,176
2020-01-31 01:00:00,0.605,209
2020-02-01 01:00:00,0.62,230
2020-02-02 01:00:00,0.617,216
2020-02-03 01:00:00,0.638,207
2020-02-04 01:00:00,0.616,169
2020-02-05 01:00:00,0.646,230
2020-02-06 01:00:00,0.641,181
2020-02-07 01:00:00,0.639,194
2020-02-08 01:00:00,0.651,235
2020-02-09 01:00:00,0.643,209
2020-02-10 01:00:00,0.646,215
2020-02-11 01:00:00,0.635,189
2020-02-12 01:00:00,0.641,204
2020-02-13 01:00:00,0.637,174
2020-02-14 01:00:00,0.631,218
2020-02-15 01:00:00,0.628,219
2020-02-16 01:00:00,0.62,253
2020-02-17 01:00:00,0.608,202
2020-02-18 01:00:00,0.613,173
2020-02-19 01:00:00,0.615,206
2020-02-20 01:00:00,0.633,191
2020-02-21 01:00:00,0.618,208
2020-02-22 01:00:00,0.625,212
2020-02-23 01:00:00,0.603,208
2020-02-24 01:00:00,0.615,212
2020-02-25 01:00:00,0.589,219
2020-02-26 01:00:00,0.61,206
2020-02-27 01:00:00,0.621,216
2020-02-28 01:00:00,0.588,229
2020-02-29 01:00:00,0.607,259
2020-03-01 01:00:00,0.602,228
2020-03-02 01:00:00,0.613,215
2020-03-03 01:00:00,0.604,201
2020-03-04 01:00:00,0.593,236
2020-03-05 01:00:00,0.6,257
2020-03-06 01:00:00,0.596,227
2020-03-07 01:00:00,0.601,244
2020-03-08 01:00:00,0.614,226
2020-03-09 01:00:00,0.591,182
2020-03-10 01:00:00,0.602,189
2020-03-11 01:00:00,0.598,181
2020-03-12 01:00:00,0.584,215
2020-03-13 01:00:00,0.578,239
2020-03-14 01:00:00,0.598,259
2020-03-15 01:00:00,0.562,263
2020-03-16 01:00:00,0.581,274
2020-03-17 01:00:00,0.569,272
2020-03-18 01:00:00,0.559,258
2020-03-19 01:00:00,0.561,265
2020-03-20 01:00:00,0.551,279
2020-03-21 01:00:00,0.559,262
2020-03-22 01:00:00,0.537,281
2020-03-23 01:00:00,0.549,275
2020-03-24 01:00:00,0.533,251
2020-03-25 01:00:00,0.529,248
2020-03-26 01:00:00,0.508,249
2020-03-27 01:00:00,0.514,246
2020-03-28 01:00:00,0.53,266
2020-03-29 01:00:00,0.561,195
2020-03-30 01:00:00,0.543,203
2020-03-31 01:00:00,0.489,343
2020-04-01 01:00:00,0.492,377
2020-04-02 01:00:00,0.512,303
2020-04-03 01:00:00,0.516,323
2020-04-04 01:00:00,0.513,294
2020-04-05 01:00:00,0.531,301
2020-04-06 01:00:00,0.531,328
2020-04-07 01:00:00,0.53,295
2020-04-08 01:00:00,0.536,296
2020-04-09 01:00:00,0.551,346
2020-04-10 01:00:00,0.569,300
2020-04-11 01:00:00,0.581,365
2020-04-12 01:00:00,0.556,307
2020-04-13 01:00:00,0.562,289
2020-04-14 01:00:00,0.545,312
2020-04-15 01:00:00,0.545,326
2020-04-16 01:00:00,0.559,282
2020-04-17 01:00:00,0.544,316
2020-04-18 01:00:00,0.528,347
2020-04-19 01:00:00,0.549,303
2020-04-20 01:00:00,0.575,273
2020-04-21 01:00:00,0.573,256
2020-04-22 01:00:00,0.557,232
2020-04-23 01:00:00,0.542,252
2020-04-24 01:00:00,0.522,274
2020-04-25 01:00:00,0.526,263
2020-04-26 01:00:00,0.513,280
2020-04-27 01:00:00,0.501,272
2020-04-28 01:00:00,0.5,249
2020-04-29 01:00:00,0.507,272
2020-04-30 01:00:00,0.504,278
2020-05-01 01:00:00,0.488,271
2020-05-02 01:00:00,0.487,258
2020-05-03 01:00:00,0.497,264
2020-05-04 01:00:00,0.493,237
2020-05-05 01:00:00,0.49,252
2020-05-06 01:00:00,0.487,240
2020-05-07 01:00:00,0.482,255
2020-05-08 01:00:00,0.487,240
2020-05-09 01:00:00,0.499,227
2020-05-10 01:00:00,0.493,234
2020-05-11 01:00:00,0.479,221
2020-05-12 01:00:00,0.484,237
2020-05-13 01:00:00,0.494,239
2020-05-14 01:00:00,0.482,194
2020-05-15 01:00:00,0.47,219
2020-05-16 01:00:00,0.484,218
2020-05-17 01:00:00,0.48,195
2020-05-18 01:00:00,0.468,200
2020-05-19 01:00:00,0.485,226
2020-05-20 01:00:00,0.475,216
2020-05-21 01:00:00,0.476,236
2020-05-22 01:00:00,0.48,219
2020-05-23 01:00:00,0.469,216
2020-05-24 01:00:00,0.47,224
2020-05-25 01:00:00,0.458,204
2020-05-26 01:00:00,0.447,202
2020-05-27 01:00:00,0.445,206
2020-05-28 01:00:00,0.443,190
2020-05-29 01:00:00,0.44,188
2020-05-30 01:00:00,0.447,226
2020-05-31 01:00:00,0.44,214
2020-06-01 01:00:00,0.45,301
2020-06-02 01:00:00,0.446,174
2020-06-03 01:00:00,0.437,177
2020-06-04 01:00:00,0.44,182
2020-06-05 01:00:00,0.434,201
2020-06-06 01:00:00,0.435,210
2020-06-07 01:00:00,0.437,174
2020-06-08 01:00:00,0.447,182
2020-06-09 01:00:00,0.433,182
2020-06-10 01:00:00,0.424,226
2020-06-11 01:00:00,0.421,227
2020-06-12 01:00:00,0.416,208
2020-06-13 01:00:00,0.418,186
2020-06-14 01:00:00,0.409,210
2020-06-15 01:00:00,0.419,180
2020-06-16 01:00:00,0.403,192
2020-06-17 01:00:00,0.411,171
2020-06-18 01:00:00,0.418,165
2020-06-19 01:00:00,0.414,175
2020-06-20 01:00:00,0.412,139
2020-06-21 01:00:00,0.411,172
2020-06-22 01:00:00,0.396,144
2020-06-23 01:00:00,0.39,159
2020-06-24 01:00:00,0.38,181
2020-06-25 01:00:00,0.369,190
2020-06-26 01:00:00,0.353,215
2020-06-27 01:00:00,0.354,184
2020-06-28 01:00:00,0.344,179
2020-06-29 01:00:00,0.335,186
2020-06-30 01:00:00,0.334,179
2020-07-01 01:00:00,0.341,164
2020-07-02 01:00:00,0.343,179
2020-07-03 01:00:00,0.343,184
2020-07-04 01:00:00,0.345,194
2020-07-05 01:00:00,0.351,189
2020-07-06 01:00:00,0.344,192
2020-07-07 01:00:00,0.344,267
2020-07-08 01:00:00,0.341,198
2020-07-09 01:00:00,0.338,183
2020-07-10 01:00:00,0.346,201
2020-07-11 01:00:00,0.355,172
2020-07-12 01:00:00,0.344,161
2020-07-13 01:00:00,0.35,157
2020-07-14 01:00:00,0.353,166
2020-07-15 01:00:00,0.366,161
2020-07-16 01:00:00,0.36,173
2020-07-17 01:00:00,0.344,163
2020-07-18 01:00:00,0.336,162
2020-07-19 01:00:00,0.349,173
2020-07-20 01:00:00,0.341,174
2020-07-21 01:00:00,0.352,181
2020-07-22 01:00:00,0.353,185
2020-07-23 01:00:00,0.344,186
2020-07-24 01:00:00,0.349,201
2020-07-25 01:00:00,0.35,173
2020-07-26 01:00:00,0.35,169
2020-07-27 01:00:00,0.353,176
2020-07-28 01:00:00,0.351,166
2020-07-29 01:00:00,0.354,175
2020-07-30 01:00:00,0.349,219
2020-07-31 01:00:00,0.364,177
2020-08-01 01:00:00,0.354,135
2020-08-02 01:00:00,0.354,181
2020-08-03 01:00:00,0.351,165
2020-08-04 01:00:00,0.355,140
2020-08-05 01:00:00,0.354,169
2020-08-06 01:00:00,0.356,157
2020-08-07 01:00:00,0.356,180
2020-08-08 01:00:00,0.359,180
2020-08-09 01:00:00,0.36,202
2020-08-10 01:00:00,0.364,163
2020-08-11 01:00:00,0.356,175
2020-08-12 01:00:00,0.359,179
2020-08-13 01:00:00,0.355,162
2020-08-14 01:00:00,0.353,161
2020-08-15 01:00:00,0.354,173
2020-08-16 01:00:00,0.352,189
2020-08-17 01:00:00,0.354,196
2020-08-18 01:00:00,0.35,185
2020-08-19 01:00:00,0.341,200
2020-08-20 01:00:00,0.348,176
2020-08-21 01:00:00,0.34,176
2020-08-22 01:00:00,0.352,187
2020-08-23 01:00:00,0.345,175
2020-08-24 01:00:00,0.331,184
2020-08-25 01:00:00,0.339,199
2020-08-26 01:00:00,0.336,193
2020-08-27 01:00:00,0.335,171
2020-08-28 01:00:00,0.335,169
2020-08-29 01:00:00,0.335,154
2020-08-30 01:00:00,0.335,173
2020-08-31 01:00:00,0.324,168
2020-09-01 01:00:00,0.334,150
2020-09-02 01:00:00,0.327,151
2020-09-03 01:00:00,0.328,132
2020-09-04 01:00:00,0.323,148
2020-09-05 01:00:00,0.329,168
2020-09-06 01:00:00,0.339,167
2020-09-07 01:00:00,0.317,172
2020-09-08 01:00:00,0.32,148
2020-09-09 01:00:00,0.322,181
2020-09-10 01:00:00,0.315,157
2020-09-11 01:00:00,0.324,173
2020-09-12 01:00:00,0.312,166
2020-09-13 01:00:00,0.319,181
2020-09-14 01:00:00,0.321,178
2020-09-15 01:00:00,0.317,146
2020-09-16 01:00:00,0.312,160
2020-09-17 01:00:00,0.315,163
2020-09-18 01:00:00,0.317,181
2020-09-19 01:00:00,0.32,247
2020-09-20 01:00:00,0.32,169
2020-09-21 01:00:00,0.32,171
2020-09-22 01:00:00,0.319,161
2020-09-23 01:00:00,0.32,158
2020-09-24 01:00:00,0.321,155
2020-09-25 01:00:00,0.318,172
2020-09-26 01:00:00,0.324,157
2020-09-27 01:00:00,0.321,183
2020-09-28 01:00:00,0.32,128
2020-09-29 01:00:00,0.321,149
2020-09-30 01:00:00,0.315,141
2020-10-01 01:00:00,0.32,132
2020-10-02 01:00:00,0.32,189
2020-10-03 01:00:00,0.312,162
2020-10-04 01:00:00,0.317,184
2020-10-05 01:00:00,0.307,174
2020-10-06 01:00:00,0.315,150
2020-10-07 01:00:00,0.317,150
2020-10-08 01:00:00,0.315,170
2020-10-09 01:00:00,0.313,223
2020-10-10 01:00:00,0.318,166
2020-10-11 01:00:00,0.32,156
2020-10-12 01:00:00,0.318,145
2020-10-13 01:00:00,0.322,150
2020-10-14 01:00:00,0.311,149
2020-10-15 01:00:00,0.315,189
2020-10-16 01:00:00,0.319,164
2020-10-17 01:00:00,0.321,158
2020-10-18 01:00:00,0.316,134
2020-10-19 01:00:00,0.321,160
2020-10-20 01:00:00,0.327,140
2020-10-21 01:00:00,0.321,171
2020-10-22 01:00:00,0.321,163
2020-10-23 01:00:00,0.317,162
2020-10-24 01:00:00,0.316,173
2020-10-25 01:00:00,0.32,173
2020-10-26 01:00:00,0.321,172
2020-10-27 01:00:00,0.311,159
2020-10-28 01:00:00,0.314,191
2020-10-29 01:00:00,0.308,156
2020-10-30 01:00:00,0.3,205
2020-10-31 01:00:00,0.298,198
2020-11-01 01:00:00,0.297,174
2020-11-02 01:00:00,0.305,137
2020-11-03 01:00:00,0.305,146
2020-11-04 01:00:00,0.304,153
2020-11-05 01:00:00,0.308,185
2020-11-06 01:00:00,0.316,166
2020-11-07 01:00:00,0.32,153
2020-11-08 01:00:00,0.311,160
2020-11-09 01:00:00,0.315,141
2020-11-10 01:00:00,0.324,170
2020-11-11 01:00:00,0.32,143
2020-11-12 01:00:00,0.316,174
2020-11-13 01:00:00,0.317,144
2020-11-14 01:00:00,0.315,214
2020-11-15 01:00:00,0.32,144
2020-11-16 01:00:00,0.321,169
2020-11-17 01:00:00,0.335,144
2020-11-18 01:00:00,0.315,195
2020-11-19 01:00:00,0.318,161
2020-11-20 01:00:00,0.323,195
2020-11-21 01:00:00,0.326,176
2020-11-22 01:00:00,0.332,172
2020-11-23 01:00:00,0.33,144
2020-11-24 01:00:00,0.338,152
2020-11-25 01:00:00,0.319,152
2020-11-26 01:00:00,0.301,217
2020-11-27 01:00:00,0.3,198
2020-11-28 01:00:00,0.295,202
2020-11-29 01:00:00,0.294,200
2020-11-30 01:00:00,0.303,163
2020-12-01 01:00:00,0.308,175
2020-12-02 01:00:00,0.309,155
2020-12-03 01:00:00,0.325,186
2020-12-04 01:00:00,0.275,241
2020-12-05 01:00:00,0.28,173
2020-12-06 01:00:00,0.294,166
2020-12-07 01:00:00,0.297,167
2020-12-08 01:00:00,0.289,156
2020-12-09 01:00:00,0.297,156
2020-12-10 01:00:00,0.295,154
2020-12-11 01:00:00,0.3,150
2020-12-12 01:00:00,0.307,177
2020-12-13 01:00:00,0.309,165
2020-12-14 01:00:00,0.3,160
2020-12-15 01:00:00,0.31,148
2020-12-16 01:00:00,0.313,137
2020-12-17 01:00:00,0.308,149
2020-12-18 01:00:00,0.313,145
2020-12-19 01:00:00,0.318,189
2020-12-20 01:00:00,0.309,183
2020-12-21 01:00:00,0.321,177
2020-12-22 01:00:00,0.309,158
2020-12-23 01:00:00,0.302,205
2020-12-24 01:00:00,0.301,201
2020-12-25 01:00:00,0.308,196
2020-12-26 01:00:00,0.311,207
2020-12-27 01:00:00,0.31,157
2020-12-28 01:00:00,0.313,202
2020-12-29 01:00:00,0.311,206
2020-12-30 01:00:00,0.318,211
2020-12-31 01:00:00,0.326,168
2021-01-01 01:00:00,0.333,180
2021-01-02 01:00:00,0.31,230
2021-01-03 01:00:00,0.319,267
2021-01-04 01:00:00,0.319,218
2021-01-05 01:00:00,0.325,208
2021-01-06 01:00:00,0.343,272
2021-01-07 01:00:00,0.348,216
2021-01-08 01:00:00,0.349,194
2021-01-09 01:00:00,0.337,200
2021-01-10 01:00:00,0.337,231
2021-01-11 01:00:00,0.351,193
2021-01-12 01:00:00,0.354,297
2021-01-13 01:00:00,0.346,273
2021-01-14 01:00:00,0.354,246
2021-01-15 01:00:00,0.363,248
2021-01-16 01:00:00,0.365,245
2021-01-17 01:00:00,0.371,176
2021-01-18 01:00:00,0.369,205
2021-01-19 01:00:00,0.368,246
2021-01-20 01:00:00,0.38,228
2021-01-21 01:00:00,0.39,195
2021-01-22 01:00:00,0.38,247
2021-01-23 01:00:00,0.387,277
2021-01-24 01:00:00,0.401,192
2021-01-25 01:00:00,0.387,239
2021-01-26 01:00:00,0.378,186
2021-01-27 01:00:00,0.398,225
2021-01-28 01:00:00,0.361,312
2021-01-29 01:00:00,0.345,233
2021-01-30 01:00:00,0.332,261
2021-01-31 01:00:00,0.343,254
2021-02-01 01:00:00,0.352,229
2021-02-02 01:00:00,0.339,249
2021-02-03 01:00:00,0.352,218
2021-02-04 01:00:00,0.366,205
2021-02-05 01:00:00,0.357,192
2021-02-06 01:00:00,0.357,186
2021-02-07 01:00:00,0.377,237
2021-02-08 01:00:00,0.393,187
2021-02-09 01:00:00,0.368,168
2021-02-10 01:00:00,0.354,256
2021-02-11 01:00:00,0.352,230
2021-02-12 01:00:00,0.352,279
2021-02-13 01:00:00,0.356,205
2021-02-14 01:00:00,0.347,215
2021-02-15 01:00:00,0.333,206
2021-02-16 01:00:00,0.352,191
2021-02-17 01:00:00,0.353,190
2021-02-18 01:00:00,0.361,177
2021-02-19 01:00:00,0.363,207
2021-02-20 01:00:00,0.363,196
2021-02-21 01:00:00,0.362,197
2021-02-22 01:00:00,0.35,226
2021-02-23 01:00:00,0.359,195
2021-02-24 01:00:00,0.364,331
2021-02-25 01:00:00,0.367,209
2021-02-26 01:00:00,0.356,236
2021-02-27 01:00:00,0.361,263
2021-02-28 01:00:00,0.363,265
2021-03-01 01:00:00,0.37,244
2021-03-02 01:00:00,0.364,301
2021-03-03 01:00:00,0.376,210
2021-03-04 01:00:00,0.392,216
2021-03-05 01:00:00,0.398,279
2021-03-06 01:00:00,0.386,240
2021-03-07 01:00:00,0.388,245
2021-03-08 01:00:00,0.392,244
2021-03-09 01:00:00,0.387,198
2021-03-10 01:00:00,0.396,264
2021-03-11 01:00:00,0.404,291
2021-03-12 01:00:00,0.392,246
2021-03-13 01:00:00,0.383,253
2021-03-14 01:00:00,0.382,227
2021-03-15 01:00:00,0.383,238
2021-03-16 01:00:00,0.382,254
2021-03-17 01:00:00,0.366,308
2021-03-18 01:00:00,0.357,270
2021-03-19 01:00:00,0.351,289
2021-03-20 01:00:00,0.348,277
2021-03-21 01:00:00,0.348,256
2021-03-22 01:00:00,0.367,258
2021-03-23 01:00:00,0.345,219
2021-03-24 01:00:00,0.348,229
2021-03-25 01:00:00,0.347,281
2021-03-26 01:00:00,0.347,331
2021-03-27 01:00:00,0.341,257
2021-03-28 01:00:00,0.352,260
2021-03-29 01:00:00,0.348,246
2021-03-30 01:00:00,0.357,211
2021-03-31 01:00:00,0.355,291
2021-04-01 01:00:00,0.352,245
2021-04-02 01:00:00,0.347,286
2021-04-03 01:00:00,0.349,268
2021-04-04 01:00:00,0.352,231
2021-04-05 01:00:00,0.357,244
2021-04-06 01:00:00,0.352,234
2021-04-07 01:00:00,0.318,313
2021-04-08 01:00:00,0.303,348
2021-04-09 01:00:00,0.3,321
2021-04-10 01:00:00,0.299,250
2021-04-11 01:00:00,0.289,210
2021-04-12 01:00:00,0.293,212
2021-04-13 01:00:00,0.288,242
2021-04-14 01:00:00,0.29,58
2021-04-15 01:00:00,0.288,255
2021-04-16 01:00:00,0.291,224
2021-04-17 01:00:00,0.297,298
2021-04-18 01:00:00,0.296,201
2021-04-19 01:00:00,0.286,183
2021-04-20 01:00:00,0.291,179
2021-04-21 01:00:00,0.293,186
2021-04-22 01:00:00,0.297,209
2021-04-23 01:00:00,0.284,191
2021-04-24 01:00:00,0.287,255
2021-04-25 01:00:00,0.288,207
2021-04-26 01:00:00,0.286,214
2021-04-27 01:00:00,0.29,278
2021-04-28 01:00:00,0.287,183
2021-04-29 01:00:00,0.279,178
2021-04-30 01:00:00,0.283,192
2021-05-01 01:00:00,0.285,172
2021-05-02 01:00:00,0.288,207
2021-05-03 01:00:00,0.286,219
2021-05-04 01:00:00,0.282,312
2021-05-05 01:00:00,0.287,252
2021-05-06 01:00:00,0.283,240
2021-05-07 01:00:00,0.283,223
2021-05-08 01:00:00,0.283,276
2021-05-09 01:00:00,0.284,228
2021-05-10 01:00:00,0.287,236
2021-05-11 01:00:00,0.283,289
2021-05-12 01:00:00,0.288,259
2021-05-13 01:00:00,0.28,223
2021-05-14 01:00:00,0.28,259
2021-05-15 01:00:00,0.277,247
2021-05-16 01:00:00,0.289,214
2021-05-17 01:00:00,0.277,238
2021-05-18 01:00:00,0.289,332
2021-05-19 01:00:00,0.289,228
2021-05-20 01:00:00,0.279,266
2021-05-21 01:00:00,0.278,316
2021-05-22 01:00:00,0.286,260
2021-05-23 01:00:00,0.284,233
2021-05-24 01:00:00,0.289,251
2021-05-25 01:00:00,0.292,257
2021-05-26 01:00:00,0.284,226
2021-05-27 01:00:00,0.282,261
2021-05-28 01:00:00,0.28,400
2021-05-29 01:00:00,0.278,301
2021-05-30 01:00:00,0.279,253
2021-05-31 01:00:00,0.274,296
2021-06-01 01:00:00,0.287,309
2021-06-02 01:00:00,0.289,202
2021-06-03 01:00:00,0.286,255
2021-06-04 01:00:00,0.288,331
2021-06-05 01:00:00,0.288,226
2021-06-06 01:00:00,0.289,206
2021-06-07 01:00:00,0.283,273
2021-06-08 01:00:00,0.286,213
2021-06-09 01:00:00,0.285,274
2021-06-10 01:00:00,0.275,170
2021-06-11 01:00:00,0.28,241
2021-06-12 01:00:00,0.284,192
2021-06-13 01:00:00,0.292,217
2021-06-14 01:00:00,0.278,197
2021-06-15 01:00:00,0.28,227
2021-06-16 01:00:00,0.285,267
2021-06-17 01:00:00,0.274,209
2021-06-18 01:00:00,0.277,197
2021-06-19 01:00:00,0.268,217
2021-06-20 01:00:00,0.267,210
2021-06-21 01:00:00,0.275,217
2021-06-22 01:00:00,0.268,200
2021-06-23 01:00:00,0.266,169
2021-06-24 01:00:00,0.256,243
2021-06-25 01:00:00,0.236,354
2021-06-26 01:00:00,0.239,205
2021-06-27 01:00:00,0.235,165
2021-06-28 01:00:00,0.232,357
2021-06-29 01:00:00,0.225,499
2021-06-30 01:00:00,0.225,258
2021-07-01 01:00:00,0.22,197
2021-07-02 01:00:00,0.223,261
2021-07-03 01:00:00,0.225,201
2021-07-04 01:00:00,0.225,226
2021-07-05 01:00:00,0.221,322
2021-07-06 01:00:00,0.226,254
2021-07-07 01:00:00,0.222,272
2021-07-08 01:00:00,0.225,195
2021-07-09 01:00:00,0.226,178
2021-07-10 01:00:00,0.23,153
2021-07-11 01:00:00,0.231,167
2021-07-12 01:00:00,0.226,170
2021-07-13 01:00:00,0.234,163
2021-07-14 01:00:00,0.218,170
2021-07-15 01:00:00,0.219,169
2021-07-16 01:00:00,0.218,150
2021-07-17 01:00:00,0.223,163
2021-07-18 01:00:00,0.222,160
2021-07-19 01:00:00,0.214,183
2021-07-20 01:00:00,0.219,155
2021-07-21 01:00:00,0.221,152
2021-07-22 01:00:00,0.221,178
2021-07-23 01:00:00,0.223,162
2021-07-24 01:00:00,0.221,180
2021-07-25 01:00:00,0.22,173
2021-07-26 01:00:00,0.227,137
2021-07-27 01:00:00,0.228,102
2021-07-28 01:00:00,0.23,180
2021-07-29 01:00:00,0.228,188
2021-07-30 01:00:00,0.226,186
2021-07-31 01:00:00,0.229,161
2021-08-01 01:00:00,0.222,174
2021-08-02 01:00:00,0.227,172
2021-08-03 01:00:00,0.23,207
2021-08-04 01:00:00,0.228,162
2021-08-05 01:00:00,0.229,143
2021-08-06 01:00:00,0.22,190
2021-08-07 01:00:00,0.217,185
2021-08-08 01:00:00,0.221,177
2021-08-09 01:00:00,0.224,192
2021-08-10 01:00:00,0.22,183
2021-08-11 01:00:00,0.216,177
2021-08-12 01:00:00,0.22,514
2021-08-13 01:00:00,0.227,165
2021-08-14 01:00:00,0.223,152
2021-08-15 01:00:00,0.223,140
2021-08-16 01:00:00,0.244,380
2021-08-17 01:00:00,0.253,168
2021-08-18 01:00:00,0.228,141
2021-08-19 01:00:00,0.221,236
2021-08-20 01:00:00,0.264,456
2021-08-21 01:00:00,0.233,164
2021-08-22 01:00:00,0.219,146
2021-08-23 01:00:00,0.228,229
2021-08-24 01:00:00,0.256,215
2021-08-25 01:00:00,0.281,163
2021-08-26 01:00:00,0.258,145
2021-08-27 01:00:00,0.236,159
2021-08-28 01:00:00,0.243,147
2021-08-29 01:00:00,0.235,143
2021-08-30 01:00:00,0.224,179
2021-08-31 01:00:00,0.229,148
2021-09-01 01:00:00,0.228,109
2021-09-02 01:00:00,0.228,158
2021-09-03 01:00:00,0.222,153
2021-09-04 01:00:00,0.221,169
2021-09-05 01:00:00,0.216,163
2021-09-06 01:00:00,0.235,414
2021-09-07 01:00:00,0.262,121
2021-09-08 01:00:00,0.254,149
2021-09-09 01:00:00,0.237,147
2021-09-10 01:00:00,0.237,170
2021-09-11 01:00:00,0.233,160
2021-09-12 01:00:00,0.236,154
2021-09-13 01:00:00,0.229,147
2021-09-14 01:00:00,0.235,126
2021-09-15 01:00:00,0.229,120
2021-09-16 01:00:00,0.216,162
2021-09-17 01:00:00,0.218,171
2021-09-18 01:00:00,0.217,154
2021-09-19 01:00:00,0.216,176
2021-09-20 01:00:00,0.221,171
2021-09-21 01:00:00,0.212,151
2021-09-22 01:00:00,0.205,281
2021-09-23 01:00:00,0.171,221
2021-09-24 01:00:00,0.172,150
2021-09-25 01:00:00,0.161,154
2021-09-26 01:00:00,0.161,143
2021-09-27 01:00:00,0.166,132
2021-09-28 01:00:00,0.162,130
2021-09-29 01:00:00,0.153,127
2021-09-30 01:00:00,0.152,139
2021-10-01 01:00:00,0.154,140
2021-10-02 01:00:00,0.151,175
2021-10-03 01:00:00,0.157,154
2021-10-04 01:00:00,0.161,219
2021-10-05 01:00:00,0.173,135
2021-10-06 01:00:00,0.158,135
2021-10-07 01:00:00,0.153,177
2021-10-08 01:00:00,0.161,242
2021-10-09 01:00:00,0.155,164
2021-10-10 01:00:00,0.158,125
2021-10-11 01:00:00,0.155,116
2021-10-12 01:00:00,0.169,275
2021-10-13 01:00:00,0.176,147
2021-10-14 01:00:00,0.186,242
2021-10-15 01:00:00,0.207,143
2021-10-16 01:00:00,0.205,182
2021-10-17 01:00:00,0.203,120
2021-10-18 01:00:00,0.216,282
2021-10-19 01:00:00,0.236,160
2021-10-20 01:00:00,0.239,135
2021-10-21 01:00:00,0.201,102
2021-10-22 01:00:00,0.174,141
2021-10-23 01:00:00,0.166,138
2021-10-24 01:00:00,0.161,117
2021-10-25 01:00:00,0.168,163
2021-10-26 01:00:00,0.159,97
2021-10-27 01:00:00,0.156,128
2021-10-28 01:00:00,0.146,131
2021-10-29 01:00:00,0.144,122
2021-10-30 01:00:00,0.138,138
2021-10-31 01:00:00,0.139,140
2021-11-01 01:00:00,0.141,231
2021-11-02 01:00:00,0.182,243
2021-11-03 01:00:00,0.18,221
2021-11-04 01:00:00,0.257,204
2021-11-05 01:00:00,0.199,105
2021-11-06 01:00:00,0.194,135
2021-11-07 01:00:00,0.193,123
2021-11-08 01:00:00,0.216,240
2021-11-09 01:00:00,0.261,179
2021-11-10 01:00:00,0.238,178
2021-11-11 01:00:00,0.224,286
2021-11-12 01:00:00,0.291,173
2021-11-13 01:00:00,0.285,134
2021-11-14 01:00:00,0.265,103
2021-11-15 01:00:00,0.254,340
2021-11-16 01:00:00,0.241,92
2021-11-17 01:00:00,0.232,101
2021-11-18 01:00:00,0.224,130
2021-11-19 01:00:00,0.204,101
2021-11-20 01:00:00,0.203,140
2021-11-21 01:00:00,0.186,124
2021-11-22 01:00:00,0.184,182
2021-11-23 01:00:00,0.169,95
2021-11-24 01:00:00,0.174,114
2021-11-25 01:00:00,0.175,313
2021-11-26 01:00:00,0.183,166
2021-11-27 01:00:00,0.176,245
2021-11-28 01:00:00,0.179,150
2021-11-29 01:00:00,0.198,366
2021-11-30 01:00:00,0.223,196
2021-12-01 01:00:00,0.222,156
2021-12-02 01:00:00,0.221,123
2021-12-03 01:00:00,0.224,117
2021-12-04 01:00:00,0.225,125
2021-12-05 01:00:00,0.223,116
2021-12-06 01:00:00,0.216,109
2021-12-07 01:00:00,0.197,104
2021-12-08 01:00:00,0.191,96
2021-12-09 01:00:00,0.195,105
2021-12-10 01:00:00,0.192,114
2021-12-11 01:00:00,0.188,115
2021-12-12 01:00:00,0.182,131
2021-12-13 01:00:00,0.175,87
2021-12-14 01:00:00,0.172,82
2021-12-15 01:00:00,0.184,89
2021-12-16 01:00:00,0.17,83
2021-12-17 01:00:00,0.164,87
2021-12-18 01:00:00,0.164,112
2021-12-19 01:00:00,0.158,127
2021-12-20 01:00:00,0.162,94
2021-12-21 01:00:00,0.161,87
2021-12-22 01:00:00,0.163,108
2021-12-23 01:00:00,0.156,111
2021-12-24 01:00:00,0.151,123
2021-12-25 01:00:00,0.155,128
2021-12-26 01:00:00,0.15,127
2021-12-27 01:00:00,0.152,117
2021-12-28 01:00:00,0.178,377
2021-12-29 01:00:00,0.186,156
2021-12-30 01:00:00,0.189,134
2021-12-31 01:00:00,0.19,103
2022-01-01 01:00:00,0.192,123
2022-01-02 01:00:00,0.189,122
2022-01-03 01:00:00,0.193,134
2022-01-04 01:00:00,0.191,127
2022-01-05 01:00:00,0.191,137
2022-01-06 01:00:00,0.201,114
2022-01-07 01:00:00,0.197,114
2022-01-08 01:00:00,0.197,124
2022-01-09 01:00:00,0.191,137
2022-01-10 01:00:00,0.19,101
2022-01-11 01:00:00,0.19,132
2022-01-12 01:00:00,0.183,194
2022-01-13 01:00:00,0.168,130
2022-01-14 01:00:00,0.166,142
2022-01-15 01:00:00,0.173,144
2022-01-16 01:00:00,0.165,121
2022-01-17 01:00:00,0.165,130
2022-01-18 01:00:00,0.167,128
2022-01-19 01:00:00,0.167,131
2022-01-20 01:00:00,0.161,120
2022-01-21 01:00:00,0.158,160
2022-01-22 01:00:00,0.166,150
2022-01-23 01:00:00,0.169,153
2022-01-24 01:00:00,0.17,143
2022-01-25 01:00:00,0.164,144
2022-01-26 01:00:00,0.163,146
2022-01-27 01:00:00,0.165,146
2022-01-28 01:00:00,0.159,175
2022-01-29 01:00:00,0.156,187
2022-01-30 01:00:00,0.157,167
2022-01-31 01:00:00,0.16,127
2022-02-01 01:00:00,0.159,143
2022-02-02 01:00:00,0.154,166
2022-02-03 01:00:00,0.158,162
2022-02-04 01:00:00,0.159,131
2022-02-05 01:00:00,0.156,136
2022-02-06 01:00:00,0.161,135
2022-02-07 01:00:00,0.159,129
2022-02-08 01:00:00,0.159,122
2022-02-09 01:00:00,0.159,143
2022-02-10 01:00:00,0.164,143
2022-02-11 01:00:00,0.162,131
2022-02-12 01:00:00,0.163,206
2022-02-13 01:00:00,0.164,144
2022-02-14 01:00:00,0.16,198
2022-02-15 01:00:00,0.159,132
2022-02-16 01:00:00,0.162,128
2022-02-17 01:00:00,0.166,134
2022-02-18 01:00:00,0.164,132
2022-02-19 01:00:00,0.163,112
2022-02-20 01:00:00,0.165,162
2022-02-21 01:00:00,0.162,131
2022-02-22 01:00:00,0.16,342
2022-02-23 01:00:00,0.16,154
2022-02-24 01:00:00,0.159,123
2022-02-25 01:00:00,0.161,126
2022-02-26 01:00:00,0.157,136
2022-02-27 01:00:00,0.158,145
2022-02-28 01:00:00,0.16,135
2022-03-01 01:00:00,0.155,141
2022-03-02 01:00:00,0.159,130
2022-03-03 01:00:00,0.15,145
2022-03-04 01:00:00,0.153,174
2022-03-05 01:00:00,0.15,178
2022-03-06 01:00:00,0.153,176
2022-03-07 01:00:00,0.152,214
2022-03-08 01:00:00,0.146,175
2022-03-09 01:00:00,0.146,164
2022-03-10 01:00:00,0.155,146
2022-03-11 01:00:00,0.163,132
2022-03-12 01:00:00,0.152,173
2022-03-13 01:00:00,0.154,148
2022-03-14 01:00:00,0.147,144
2022-03-15 01:00:00,0.151,163
2022-03-16 01:00:00,0.152,149
2022-03-17 01:00:00,0.149,131
2022-03-18 01:00:00,0.152,126
2022-03-19 01:00:00,0.154,144
2022-03-20 01:00:00,0.148,130
2022-03-21 01:00:00,0.154,110
2022-03-22 01:00:00,0.151,129
2022-03-23 01:00:00,0.152,130
2022-03-24 01:00:00,0.155,169
2022-03-25 01:00:00,0.151,134
2022-03-26 01:00:00,0.151,163
2022-03-27 01:00:00,0.157,153
2022-03-28 01:00:00,0.152,140
2022-03-29 01:00:00,0.153,147
2022-03-30 01:00:00,0.149,128
2022-03-31 01:00:00,0.153,137
2022-04-01 01:00:00,0.152,120
2022-04-02 01:00:00,0.154,152
2022-04-03 01:00:00,0.154,128
2022-04-04 01:00:00,0.171,114
2022-04-05 01:00:00,0.16,135
2022-04-06 01:00:00,0.165,122
2022-04-07 01:00:00,0.161,117
2022-04-08 01:00:00,0.158,151
2022-04-09 01:00:00,0.166,164
2022-04-10 01:00:00,0.165,135
2022-04-11 01:00:00,0.16,140
2022-04-12 01:00:00,0.163,142
2022-04-13 01:00:00,0.166,135
2022-04-14 01:00:00,0.159,128
2022-04-15 01:00:00,0.173,131
2022-04-16 01:00:00,0.173,148
2022-04-17 01:00:00,0.17,144
2022-04-18 01:00:00,0.165,135
2022-04-19 01:00:00,0.174,139
2022-04-20 01:00:00,0.163,111
2022-04-21 01:00:00,0.158,75
2022-04-22 01:00:00,0.161,141
2022-04-23 01:00:00,0.162,141
2022-04-24 01:00:00,0.161,122
2022-04-25 01:00:00,0.16,115
2022-04-26 01:00:00,0.161,125
2022-04-27 01:00:00,0.165,117
2022-04-28 01:00:00,0.171,99
2022-04-29 01:00:00,0.157,116
2022-04-30 01:00:00,0.162,133
2022-05-01 01:00:00,0.157,120
2022-05-02 01:00:00,0.157,118
2022-05-03 01:00:00,0.165,111
2022-05-04 01:00:00,0.157,147
2022-05-05 01:00:00,0.155,94
2022-05-06 01:00:00,0.157,136
2022-05-07 01:00:00,0.148,137
2022-05-08 01:00:00,0.151,112
2022-05-09 01:00:00,0.151,110
2022-05-10 01:00:00,0.154,98
2022-05-11 01:00:00,0.146,84
2022-05-12 01:00:00,0.152,103
2022-05-13 01:00:00,0.147,110
2022-05-14 01:00:00,0.148,118
2022-05-15 01:00:00,0.16,105
2022-05-16 01:00:00,0.147,79
2022-05-17 01:00:00,0.147,102
2022-05-18 01:00:00,0.15,121
2022-05-19 01:00:00,0.151,105
2022-05-20 01:00:00,0.148,128
2022-05-21 01:00:00,0.151,124
2022-05-22 01:00:00,0.151,112
2022-05-23 01:00:00,0.149,107
2022-05-24 01:00:00,0.147,123
2022-05-25 01:00:00,0.155,107
2022-05-26 01:00:00,0.149,118
2022-05-27 01:00:00,0.15,109
2022-05-28 01:00:00,0.149,111
2022-05-29 01:00:00,0.151,143
2022-05-30 01:00:00,0.153,113
2022-05-31 01:00:00,0.142,115
2022-06-01 01:00:00,0.145,105
2022-06-02 01:00:00,0.153,104
2022-06-03 01:00:00,0.145,134
2022-06-04 01:00:00,0.149,130
2022-06-05 01:00:00,0.149,115
2022-06-06 01:00:00,0.146,93
2022-06-07 01:00:00,0.15,98
2022-06-08 01:00:00,0.143,106
2022-06-09 01:00:00,0.144,126
2022-06-10 01:00:00,0.146,102
2022-06-11 01:00:00,0.149,96
2022-06-12 01:00:00,0.14,88
2022-06-13 01:00:00,0.143,140
2022-06-14 01:00:00,0.144,94
2022-06-15 01:00:00,0.145,125
2022-06-16 01:00:00,0.147,99
2022-06-17 01:00:00,0.146,114
2022-06-18 01:00:00,0.145,85
2022-06-19 01:00:00,0.151,89
2022-06-20 01:00:00,0.153,104
2022-06-21 01:00:00,0.148,96
2022-06-22 01:00:00,0.139,90
2022-06-23 01:00:00,0.149,96
2022-06-24 01:00:00,0.132,113
2022-06-25 01:00:00,0.137,133
2022-06-26 01:00:00,0.134,134
2022-06-27 01:00:00,0.135,118
2022-06-28 01:00:00,0.13,97
2022-06-29 01:00:00,0.132,114
2022-06-30 01:00:00,0.13,108
2022-07-01 01:00:00,0.129,123
2022-07-02 01:00:00,0.131,153
2022-07-03 01:00:00,0.136,120
2022-07-04 01:00:00,0.14,134
2022-07-05 01:00:00,0.135,121
2022-07-06 01:00:00,0.137,139
2022-07-07 01:00:00,0.139,107
2022-07-08 01:00:00,0.143,112
2022-07-09 01:00:00,0.138,101
2022-07-10 01:00:00,0.134,117
2022-07-11 01:00:00,0.142,114
2022-07-12 01:00:00,0.142,120
2022-07-13 01:00:00,0.149,130
2022-07-14 01:00:00,0.146,109
2022-07-15 01:00:00,0.151,124
2022-07-16 01:00:00,0.151,117
2022-07-17 01:00:00,0.15,127
2022-07-18 01:00:00,0.149,123
2022-07-19 01:00:00,0.15,118
2022-07-20 01:00:00,0.155,103
2022-07-21 01:00:00,0.154,154
2022-07-22 01:00:00,0.149,120
2022-07-23 01:00:00,0.151,123
2022-07-24 01:00:00,0.151,127
2022-07-25 01:00:00,0.151,132
2022-07-26 01:00:00,0.152,121
2022-07-27 01:00:00,0.139,136
2022-07-28 01:00:00,0.147,103
2022-07-29 01:00:00,0.143,119
2022-07-30 01:00:00,0.144,128
2022-07-31 01:00:00,0.144,145
2022-08-01 01:00:00,0.143,97
2022-08-02 01:00:00,0.147,141
2022-08-03 01:00:00,0.147,146
2022-08-04 01:00:00,0.145,131
2022-08-05 01:00:00,0.148,112
2022-08-06 01:00:00,0.153,123
2022-08-07 01:00:00,0.152,154
2022-08-08 01:00:00,0.151,129
2022-08-09 01:00:00,0.148,99
2022-08-10 01:00:00,0.154,163
2022-08-11 01:00:00,0.155,125
2022-08-12 01:00:00,0.149,128
2022-08-13 01:00:00,0.152,142
2022-08-14 01:00:00,0.15,95
2022-08-15 01:00:00,0.146,141
2022-08-16 01:00:00,0.146,130
2022-08-17 01:00:00,0.144,137
2022-08-18 01:00:00,0.142,126
2022-08-19 01:00:00,0.144,124
2022-08-20 01:00:00,0.148,117
2022-08-21 01:00:00,0.147,137
2022-08-22 01:00:00,0.146,103
2022-08-23 01:00:00,0.144,86
2022-08-24 01:00:00,0.145,124
2022-08-25 01:00:00,0.145,122
2022-08-26 01:00:00,0.145,112
2022-08-27 01:00:00,0.143,100
2022-08-28 01:00:00,0.149,105
2022-08-29 01:00:00,0.162,116
2022-08-30 01:00:00,0.147,106
2022-08-31 01:00:00,0.15,119
2022-09-01 01:00:00,0.15,108
2022-09-02 01:00:00,0.142,115
2022-09-03 01:00:00,0.144,129
2022-09-04 01:00:00,0.151,127
2022-09-05 01:00:00,0.151,119
2022-09-06 01:00:00,0.143,109
2022-09-07 01:00:00,0.143,129
2022-09-08 01:00:00,0.149,122
2022-09-09 01:00:00,0.147,114
2022-09-10 01:00:00,0.151,153
2022-09-11 01:00:00,0.147,135
2022-09-12 01:00:00,0.142,99
2022-09-13 01:00:00,0.142,103
2022-09-14 01:00:00,0.151,111
2022-09-15 01:00:00,0.15,98
2022-09-16 01:00:00,0.149,109
2022-09-17 01:00:00,0.146,148
2022-09-18 01:00:00,0.151,128
2022-09-19 01:00:00,0.149,107
2022-09-20 01:00:00,0.151,104
2022-09-21 01:00:00,0.147,99
2022-09-22 01:00:00,0.142,100
2022-09-23 01:00:00,0.148,99
2022-09-24 01:00:00,0.153,126
2022-09-25 01:00:00,0.156,117
2022-09-26 01:00:00,0.152,96
2022-09-27 01:00:00,0.149,95
2022-09-28 01:00:00,0.149,98
2022-09-29 01:00:00,0.144,116
2022-09-30 01:00:00,0.147,113
2022-10-01 01:00:00,0.15,154
2022-10-02 01:00:00,0.15,139
2022-10-03 01:00:00,0.152,92
2022-10-04 01:00:00,0.151,119
2022-10-05 01:00:00,0.153,91
2022-10-06 01:00:00,0.148,96
2022-10-07 01:00:00,0.145,109
2022-10-08 01:00:00,0.151,119
2022-10-09 01:00:00,0.148,120
2022-10-10 01:00:00,0.145,87
2022-10-11 01:00:00,0.149,82
2022-10-12 01:00:00,0.146,81
2022-10-13 01:00:00,0.143,118
2022-10-14 01:00:00,0.135,67
2022-10-15 01:00:00,0.145,129
2022-10-16 01:00:00,0.147,125
2022-10-17 01:00:00,0.148,91
2022-10-18 01:00:00,0.149,95
2022-10-19 01:00:00,0.144,102
2022-10-20 01:00:00,0.139,89
2022-10-21 01:00:00,0.152,108
2022-10-22 01:00:00,0.145,160
2022-10-23 01:00:00,0.137,97
2022-10-24 01:00:00,0.14,108
2022-10-25 01:00:00,0.136,133
2022-10-26 01:00:00,0.141,109
2022-10-27 01:00:00,0.145,91
2022-10-28 01:00:00,0.137,130
2022-10-29 01:00:00,0.138,120
2022-10-30 01:00:00,0.142,133
2022-10-31 01:00:00,0.137,113
2022-11-01 01:00:00,0.136,112
2022-11-02 01:00:00,0.142,106
2022-11-03 01:00:00,0.14,124
2022-11-04 01:00:00,0.146,133
2022-11-05 01:00:00,0.147,126
2022-11-06 01:00:00,0.142,117
2022-11-07 01:00:00,0.151,118
2022-11-08 01:00:00,0.145,108
2022-11-09 01:00:00,0.148,89
2022-11-10 01:00:00,0.141,110
2022-11-11 01:00:00,0.137,120
2022-11-12 01:00:00,0.146,117
2022-11-13 01:00:00,0.149,116
2022-11-14 01:00:00,0.145,95
2022-11-15 01:00:00,0.148,107
2022-11-16 01:00:00,0.146,80
2022-11-17 01:00:00,0.156,100
2022-11-18 01:00:00,0.159,123
2022-11-19 01:00:00,0.146,120
2022-11-20 01:00:00,0.147,142
2022-11-21 01:00:00,0.157,126
2022-11-22 01:00:00,0.146,104
2022-11-23 01:00:00,0.135,122
2022-11-24 01:00:00,0.134,121
2022-11-25 01:00:00,0.13,119
2022-11-26 01:00:00,0.134,115
2022-11-27 01:00:00,0.135,146
2022-11-28 01:00:00,0.135,107
2022-11-29 01:00:00,0.136,95
2022-11-30 01:00:00,0.139,97
2022-12-01 01:00:00,0.145,95
2022-12-02 01:00:00,0.149,101
2022-12-03 01:00:00,0.152,127
2022-12-04 01:00:00,0.153,109
2022-12-05 01:00:00,0.156,102
2022-12-06 01:00:00,0.152,111
2022-12-07 01:00:00,0.152,94
2022-12-08 01:00:00,0.151,115
2022-12-09 01:00:00,0.152,121
2022-12-10 01:00:00,0.152,123
2022-12-11 01:00:00,0.149,113
2022-12-12 01:00:00,0.153,98
2022-12-13 01:00:00,0.147,89
2022-12-14 01:00:00,0.149,100
2022-12-15 01:00:00,0.152,131
2022-12-16 01:00:00,0.152,110
2022-12-17 01:00:00,0.154,135
2022-12-18 01:00:00,0.153,122
2022-12-19 01:00:00,0.152,98
2022-12-20 01:00:00,0.152,113
2022-12-21 01:00:00,0.15,121
2022-12-22 01:00:00,0.145,117
2022-12-23 01:00:00,0.136,146
2022-12-24 01:00:00,0.147,162
2022-12-25 01:00:00,0.147,149
2022-12-26 01:00:00,0.15,153
2022-12-27 01:00:00,0.149,147
2022-12-28 01:00:00,0.148,147
2022-12-29 01:00:00,0.14,144
2022-12-30 01:00:00,0.145,173
2022-12-31 01:00:00,0.146,123
2023-01-01 01:00:00,0.148,135
2023-01-02 01:00:00,0.14,147
2023-01-03 01:00:00,0.151,180
2023-01-04 01:00:00,0.147,168
2023-01-05 01:00:00,0.153,165
2023-01-06 01:00:00,0.161,162
2023-01-07 01:00:00,0.152,165
2023-01-08 01:00:00,0.156,154
2023-01-09 01:00:00,0.156,136
2023-01-10 01:00:00,0.158,140
2023-01-11 01:00:00,0.158,139
2023-01-12 01:00:00,0.16,153
2023-01-13 01:00:00,0.161,136
2023-01-14 01:00:00,0.166,178
2023-01-15 01:00:00,0.171,238
2023-01-16 01:00:00,0.18,142
2023-01-17 01:00:00,0.186,139
2023-01-18 01:00:00,0.186,114
2023-01-19 01:00:00,0.203,121
2023-01-20 01:00:00,0.21,150
2023-01-21 01:00:00,0.221,155
2023-01-22 01:00:00,0.214,136
2023-01-23 01:00:00,0.217,128
2023-01-24 01:00:00,0.214,118
2023-01-25 01:00:00,0.214,151
2023-01-26 01:00:00,0.215,141
2023-01-27 01:00:00,0.213,136
2023-01-28 01:00:00,0.216,160
2023-01-29 01:00:00,0.213,174
2023-01-30 01:00:00,0.209,147
2023-01-31 01:00:00,0.216,139
2023-02-01 01:00:00,0.211,131
2023-02-02 01:00:00,0.218,130
2023-02-03 01:00:00,0.224,141
2023-02-04 01:00:00,0.226,164
2023-02-05 01:00:00,0.227,155
2023-02-06 01:00:00,0.217,119
2023-02-07 01:00:00,0.217,116
2023-02-08 01:00:00,0.215,144
2023-02-09 01:00:00,0.21,124
2023-02-10 01:00:00,0.213,172
2023-02-11 01:00:00,0.212,180
2023-02-12 01:00:00,0.214,176
2023-02-13 01:00:00,0.207,139
2023-02-14 01:00:00,0.207,131
2023-02-15 01:00:00,0.204,174
2023-02-16 01:00:00,0.21,160
2023-02-17 01:00:00,0.211,176
2023-02-18 01:00:00,0.205,189
2023-02-19 01:00:00,0.202,168
2023-02-20 01:00:00,0.207,137
2023-02-21 01:00:00,0.204,144
2023-02-22 01:00:00,0.205,162
2023-02-23 01:00:00,0.2,172
2023-02-24 01:00:00,0.194,195
2023-02-25 01:00:00,0.199,183
2023-02-26 01:00:00,0.206,224
2023-02-27 01:00:00,0.202,175
2023-02-28 01:00:00,0.199,141
2023-03-01 01:00:00,0.198,184
2023-03-02 01:00:00,0.202,176
2023-03-03 01:00:00,0.194,168
2023-03-04 01:00:00,0.203,221
2023-03-05 01:00:00,0.205,219
2023-03-06 01:00:00,0.199,188
2023-03-07 01:00:00,0.201,187
2023-03-08 01:00:00,0.198,159
2023-03-09 01:00:00,0.197,173
2023-03-10 01:00:00,0.206,187
2023-03-11 01:00:00,0.202,208
2023-03-12 01:00:00,0.192,222
2023-03-13 01:00:00,0.196,180
2023-03-14 01:00:00,0.187,161
2023-03-15 01:00:00,0.194,181
2023-03-16 01:00:00,0.184,206
2023-03-17 01:00:00,0.181,254
2023-03-18 01:00:00,0.179,254
2023-03-19 01:00:00,0.175,225
2023-03-20 01:00:00,0.171,266
2023-03-21 01:00:00,0.173,201
2023-03-22 01:00:00,0.167,216
2023-03-23 01:00:00,0.165,240
2023-03-24 01:00:00,0.167,209
2023-03-25 01:00:00,0.169,270
2023-03-26 01:00:00,0.172,284
2023-03-27 01:00:00,0.176,271
2023-03-28 01:00:00,0.175,248
2023-03-29 01:00:00,0.178,216
2023-03-30 01:00:00,0.175,183
2023-03-31 01:00:00,0.202,180
2023-04-01 01:00:00,0.186,256
2023-04-02 01:00:00,0.19,270
2023-04-03 01:00:00,0.19,213
2023-04-04 01:00:00,0.198,212
2023-04-05 01:00:00,0.202,213
2023-04-06 01:00:00,0.206,243
2023-04-07 01:00:00,0.208,188
2023-04-08 01:00:00,0.208,189
2023-04-09 01:00:00,0.207,220
2023-04-10 01:00:00,0.211,259
2023-04-11 01:00:00,0.204,189
2023-04-12 01:00:00,0.213,230
2023-04-13 01:00:00,0.213,190
2023-04-14 01:00:00,0.215,182
2023-04-15 01:00:00,0.213,138
2023-04-16 01:00:00,0.219,180
2023-04-17 01:00:00,0.219,206
2023-04-18 01:00:00,0.216,172
2023-04-19 01:00:00,0.218,147
2023-04-20 01:00:00,0.214,249
2023-04-21 01:00:00,0.215,215
2023-04-22 01:00:00,0.217,251
2023-04-23 01:00:00,0.224,274
2023-04-24 01:00:00,0.214,211
2023-04-25 01:00:00,0.204,271
2023-04-26 01:00:00,0.202,229
2023-04-27 01:00:00,0.21,231
2023-04-28 01:00:00,0.197,223
2023-04-29 01:00:00,0.201,219
2023-04-30 01:00:00,0.202,228
2023-05-01 01:00:00,0.205,225
2023-05-02 01:00:00,0.198,168
2023-05-03 01:00:00,0.194,169
2023-05-04 01:00:00,0.203,158
2023-05-05 01:00:00,0.184,171
2023-05-06 01:00:00,0.185,193
2023-05-07 01:00:00,0.178,215
2023-05-08 01:00:00,0.18,192
2023-05-09 01:00:00,0.184,189
2023-05-10 01:00:00,0.182,188
2023-05-11 01:00:00,0.179,154
2023-05-12 01:00:00,0.184,201
2023-05-13 01:00:00,0.18,202
2023-05-14 01:00:00,0.185,160
2023-05-15 01:00:00,0.181,170
2023-05-16 01:00:00,0.178,156
2023-05-17 01:00:00,0.181,172
2023-05-18 01:00:00,0.174,172
2023-05-19 01:00:00,0.177,200
2023-05-20 01:00:00,0.183,217
2023-05-21 01:00:00,0.181,212
2023-05-22 01:00:00,0.179,188
2023-05-23 01:00:00,0.18,169
2023-05-24 01:00:00,0.177,185
2023-05-25 01:00:00,0.174,171
2023-05-26 01:00:00,0.167,168
2023-05-27 01:00:00,0.171,160
2023-05-28 01:00:00,0.17,179
2023-05-29 01:00:00,0.172,203
2023-05-30 01:00:00,0.165,147
2023-05-31 01:00:00,0.165,182
2023-06-01 01:00:00,0.166,194
2023-06-02 01:00:00,0.163,139
2023-06-03 01:00:00,0.162,177
2023-06-04 01:00:00,0.166,178
2023-06-05 01:00:00,0.164,177
2023-06-06 01:00:00,0.164,157
2023-06-07 01:00:00,0.165,165
2023-06-08 01:00:00,0.166,166
2023-06-09 01:00:00,0.164,190
2023-06-10 01:00:00,0.163,219
2023-06-11 01:00:00,0.164,265
2023-06-12 01:00:00,0.165,146
2023-06-13 01:00:00,0.159,144
2023-06-14 01:00:00,0.157,145
2023-06-15 01:00:00,0.16,148
2023-06-16 01:00:00,0.162,140
2023-06-17 01:00:00,0.159,193
2023-06-18 01:00:00,0.155,143
2023-06-19 01:00:00,0.16,146
2023-06-20 01:00:00,0.16,143
2023-06-21 01:00:00,0.159,164
2023-06-22 01:00:00,0.165,182
2023-06-23 01:00:00,0.153,171
2023-06-24 01:00:00,0.159,155
2023-06-25 01:00:00,0.162,136
2023-06-26 01:00:00,0.158,142
2023-06-27 01:00:00,0.16,145
2023-06-28 01:00:00,0.166,165
2023-06-29 01:00:00,0.159,177
2023-06-30 01:00:00,0.151,213
2023-07-01 01:00:00,0.148,164
2023-07-02 01:00:00,0.148,186
2023-07-03 01:00:00,0.149,183
2023-07-04 01:00:00,0.148,107
2023-07-05 01:00:00,0.149,152
2023-07-06 01:00:00,0.151,127
2023-07-07 01:00:00,0.149,125
2023-07-08 01:00:00,0.154,149
2023-07-09 01:00:00,0.149,127
2023-07-10 01:00:00,0.155,113
2023-07-11 01:00:00,0.144,151
2023-07-12 01:00:00,0.138,174
2023-07-13 01:00:00,0.133,158
2023-07-14 01:00:00,0.136,115
2023-07-15 01:00:00,0.134,132
2023-07-16 01:00:00,0.134,125
2023-07-17 01:00:00,0.142,176
2023-07-18 01:00:00,0.142,112
2023-07-19 01:00:00,0.139,129
2023-07-20 01:00:00,0.144,123
2023-07-21 01:00:00,0.143,142
2023-07-22 01:00:00,0.142,122
2023-07-23 01:00:00,0.146,125
2023-07-24 01:00:00,0.147,112
2023-07-25 01:00:00,0.144,127
2023-07-26 01:00:00,0.151,144
2023-07-27 01:00:00,0.147,126
2023-07-28 01:00:00,0.14,135
2023-07-29 01:00:00,0.14,116
2023-07-30 01:00:00,0.147,155
2023-07-31 01:00:00,0.149,122
2023-08-01 01:00:00,0.147,131
2023-08-02 01:00:00,0.15,181
2023-08-03 01:00:00,0.145,118
2023-08-04 01:00:00,0.141,131
2023-08-05 01:00:00,0.144,138
2023-08-06 01:00:00,0.142,132
2023-08-07 01:00:00,0.143,118
2023-08-08 01:00:00,0.135,123
2023-08-09 01:00:00,0.139,147
2023-08-10 01:00:00,0.144,164
2023-08-11 01:00:00,0.136,115
2023-08-12 01:00:00,0.135,148
2023-08-13 01:00:00,0.138,164
2023-08-14 01:00:00,0.142,142
2023-08-15 01:00:00,0.136,113
2023-08-16 01:00:00,0.141,127
2023-08-17 01:00:00,0.14,150
2023-08-18 01:00:00,0.144,319
2023-08-19 01:00:00,0.144,151
2023-08-20 01:00:00,0.151,236
2023-08-21 01:00:00,0.149,114
2023-08-22 01:00:00,0.15,110
2023-08-23 01:00:00,0.152,118
2023-08-24 01:00:00,0.149,136
2023-08-25 01:00:00,0.155,118
2023-08-26 01:00:00,0.146,130
2023-08-27 01:00:00,0.148,128
2023-08-28 01:00:00,0.146,98
2023-08-29 01:00:00,0.152,124
2023-08-30 01:00:00,0.151,150
2023-08-31 01:00:00,0.15,149
2023-09-01 01:00:00,0.147,108
2023-09-02 01:00:00,0.154,167
2023-09-03 01:00:00,0.158,158
2023-09-04 01:00:00,0.151,130
2023-09-05 01:00:00,0.15,159
2023-09-06 01:00:00,0.157,177
2023-09-07 01:00:00,0.158,223
2023-09-08 01:00:00,0.163,173
2023-09-09 01:00:00,0.167,174
2023-09-10 01:00:00,0.164,173
2023-09-11 01:00:00,0.168,170
2023-09-12 01:00:00,0.164,128
2023-09-13 01:00:00,0.167,160
2023-09-14 01:00:00,0.18,138
2023-09-15 01:00:00,0.176,134
2023-09-16 01:00:00,0.196,179
2023-09-17 01:00:00,0.193,137
2023-09-18 01:00:00,0.191,144
2023-09-19 01:00:00,0.188,100
2023-09-20 01:00:00,0.18,113
2023-09-21 01:00:00,0.19,99
2023-09-22 01:00:00,0.193,124
2023-09-23 01:00:00,0.191,159
2023-09-24 01:00:00,0.189,128
2023-09-25 01:00:00,0.186,97
2023-09-26 01:00:00,0.181,85
2023-09-27 01:00:00,0.182,140
2023-09-28 01:00:00,0.181,197
2023-09-29 01:00:00,0.188,200
2023-09-30 01:00:00,0.193,230
2023-10-01 01:00:00,0.193,220
2023-10-02 01:00:00,0.188,170
2023-10-03 01:00:00,0.192,164
2023-10-04 01:00:00,0.194,145
2023-10-05 01:00:00,0.189,177
2023-10-06 01:00:00,0.201,194
2023-10-07 01:00:00,0.196,166
2023-10-08 01:00:00,0.198,172
2023-10-09 01:00:00,0.194,147
2023-10-10 01:00:00,0.197,140
2023-10-11 01:00:00,0.197,219
2023-10-12 01:00:00,0.201,235
2023-10-13 01:00:00,0.208,194
2023-10-14 01:00:00,0.215,167
2023-10-15 01:00:00,0.218,158
2023-10-16 01:00:00,0.224,135
2023-10-17 01:00:00,0.22,124
2023-10-18 01:00:00,0.224,148
2023-10-19 01:00:00,0.243,117
2023-10-20 01:00:00,0.231,157
2023-10-21 01:00:00,0.224,146
2023-10-22 01:00:00,0.229,149
2023-10-23 01:00:00,0.221,129
2023-10-24 01:00:00,0.222,121
2023-10-25 01:00:00,0.22,141
2023-10-26 01:00:00,0.217,163
2023-10-27 01:00:00,0.213,114
2023-10-28 01:00:00,0.211,151
2023-10-29 01:00:00,0.216,155
2023-10-30 01:00:00,0.206,88
2023-10-31 01:00:00,0.204,138
2023-11-01 01:00:00,0.204,110
2023-11-02 01:00:00,0.197,105
2023-11-03 01:00:00,0.197,120
2023-11-04 01:00:00,0.196,121
2023-11-05 01:00:00,0.192,145
2023-11-06 01:00:00,0.187,86
2023-11-07 01:00:00,0.191,91
2023-11-08 01:00:00,0.186,108
2023-11-09 01:00:00,0.185,102
2023-11-10 01:00:00,0.186,127
2023-11-11 01:00:00,0.181,108
2023-11-12 01:00:00,0.179,106
2023-11-13 01:00:00,0.191,113
2023-11-14 01:00:00,0.187,100
2023-11-15 01:00:00,0.182,104
2023-11-16 01:00:00,0.173,83
2023-11-17 01:00:00,0.177,85
2023-11-18 01:00:00,0.17,112
2023-11-19 01:00:00,0.18,130
2023-11-20 01:00:00,0.172,93
2023-11-21 01:00:00,0.166,98
2023-11-22 01:00:00,0.16,97
2023-11-23 01:00:00,0.171,99
2023-11-24 01:00:00,0.155,124
2023-11-25 01:00:00,0.148,125
2023-11-26 01:00:00,0.154,120
2023-11-27 01:00:00,0.143,128
2023-11-28 01:00:00,0.144,104
2023-11-29 01:00:00,0.148,96
2023-11-30 01:00:00,0.151,78
2023-12-01 01:00:00,0.149,95
2023-12-02 01:00:00,0.15,107
2023-12-03 01:00:00,0.154,111
2023-12-04 01:00:00,0.151,81
2023-12-05 01:00:00,0.163,51
2023-12-06 01:00:00,0.159,96
2023-12-07 01:00:00,0.154,74
2023-12-08 01:00:00,0.159,72
2023-12-09 01:00:00,0.158,132
2023-12-10 01:00:00,0.152,84
2023-12-11 01:00:00,0.157,70
2023-12-12 01:00:00,0.163,114
2023-12-13 01:00:00,0.167,132
2023-12-14 01:00:00,0.159,93
2023-12-15 01:00:00,0.158,124
2023-12-16 01:00:00,0.157,70
2023-12-17 01:00:00,0.156,87
2023-12-18 01:00:00,0.16,91
2023-12-19 01:00:00,0.162,69
2023-12-20 01:00:00,0.16,88
2023-12-21 01:00:00,0.155,100
2023-12-22 01:00:00,0.15,101
2023-12-23 01:00:00,0.151,101
2023-12-24 01:00:00,0.14,95
2023-12-25 01:00:00,0.147,95
2023-12-26 01:00:00,0.146,88
2023-12-27 01:00:00,0.144,116
2023-12-28 01:00:00,0.164,152
2023-12-29 01:00:00,0.145,93
2023-12-30 01:00:00,0.144,117
2023-12-31 01:00:00,0.142,75
2024-01-01 01:00:00,0.14,99
2024-01-02 01:00:00,0.147,84
2024-01-03 01:00:00,0.151,78
2024-01-04 01:00:00,0.141,100
2024-01-05 01:00:00,0.154,87
2024-01-06 01:00:00,0.146,102
2024-01-07 01:00:00,0.151,95
2024-01-08 01:00:00,0.151,72
2024-01-09 01:00:00,0.155,87
2024-01-10 01:00:00,0.151,102
2024-01-11 01:00:00,0.154,86
2024-01-12 01:00:00,0.153,71
2024-01-13 01:00:00,0.152,86
2024-01-14 01:00:00,0.158,100
2024-01-15 01:00:00,0.17,259
2024-01-16 01:00:00,0.171,97
2024-01-17 01:00:00,0.17,70
2024-01-18 01:00:00,0.175,75
2024-01-19 01:00:00,0.168,88
2024-01-20 01:00:00,0.167,181
2024-01-21 01:00:00,0.163,90
2024-01-22 01:00:00,0.161,83
2024-01-23 01:00:00,0.165,100
2024-01-24 01:00:00,0.16,73
2024-01-25 01:00:00,0.155,73
2024-01-26 01:00:00,0.161,90
2024-01-27 01:00:00,0.154,81
2024-01-28 01:00:00,0.151,92
2024-01-29 01:00:00,0.139,71
2024-01-30 01:00:00,0.14,55
2024-01-31 01:00:00,0.142,88
2024-02-01 01:00:00,0.145,87
2024-02-02 01:00:00,0.15,48
2024-02-03 01:00:00,0.142,61
2024-02-04 01:00:00,0.143,87
2024-02-05 01:00:00,0.145,73
2024-02-06 01:00:00,0.151,73
2024-02-07 01:00:00,0.15,124
2024-02-08 01:00:00,0.149,120
2024-02-09 01:00:00,0.149,97
2024-02-10 01:00:00,0.15,113
2024-02-11 01:00:00,0.148,91
2024-02-12 01:00:00,0.144,82
2024-02-13 01:00:00,0.144,94
2024-02-14 01:00:00,0.148,84
2024-02-15 01:00:00,0.151,159
2024-02-16 01:00:00,0.148,157
2024-02-17 01:00:00,0.154,105
2024-02-18 01:00:00,0.15,98
2024-02-19 01:00:00,0.145,102
2024-02-20 01:00:00,0.143,126
2024-02-21 01:00:00,0.149,123
2024-02-22 01:00:00,0.153,112
2024-02-23 01:00:00,0.151,106
2024-02-24 01:00:00,0.161,92
2024-02-25 01:00:00,0.148,118
2024-02-26 01:00:00,0.154,107
2024-02-27 01:00:00,0.149,110
2024-02-28 01:00:00,0.157,171
2024-02-29 01:00:00,0.157,144
2024-03-01 01:00:00,0.164,118
2024-03-02 01:00:00,0.159,118
2024-03-03 01:00:00,0.161,105
2024-03-04 01:00:00,0.164,91
2024-03-05 01:00:00,0.162,92
2024-03-06 01:00:00,0.164,111
2024-03-07 01:00:00,0.17,155
2024-03-08 01:00:00,0.199,306
2024-03-09 01:00:00,0.228,236
2024-03-10 01:00:00,0.245,119
2024-03-11 01:00:00,0.212,91
2024-03-12 01:00:00,0.205,120
2024-03-13 01:00:00,0.205,87
2024-03-14 01:00:00,0.21,113
2024-03-15 01:00:00,0.206,117
2024-03-16 01:00:00,0.194,126
2024-03-17 01:00:00,0.19,124
2024-03-18 01:00:00,0.181,74
2024-03-19 01:00:00,0.167,106
2024-03-20 01:00:00,0.163,89
2024-03-21 01:00:00,0.159,105
2024-03-22 01:00:00,0.171,80
2024-03-23 01:00:00,0.161,89
2024-03-24 01:00:00,0.162,115
2024-03-25 01:00:00,0.164,76
2024-03-26 01:00:00,0.163,53
2024-03-27 01:00:00,0.156,109
2024-03-28 01:00:00,0.165,75
2024-03-29 01:00:00,0.162,77
2024-03-30 01:00:00,0.165,112
2024-03-31 01:00:00,0.164,96
2024-04-01 01:00:00,0.162,59
2024-04-02 01:00:00,0.162,88
2024-04-03 01:00:00,0.16,81
2024-04-04 01:00:00,0.164,83
2024-04-05 01:00:00,0.166,91
2024-04-06 01:00:00,0.17,91
2024-04-07 01:00:00,0.174,159
2024-04-08 01:00:00,0.175,173
2024-04-09 01:00:00,0.175,87
2024-04-10 01:00:00,0.174,180
2024-04-11 01:00:00,0.176,105
2024-04-12 01:00:00,0.176,66
2024-04-13 01:00:00,0.176,69
2024-04-14 01:00:00,0.177,87
2024-04-15 01:00:00,0.187,79
2024-04-16 01:00:00,0.182,90
2024-04-17 01:00:00,0.172,57
2024-04-18 01:00:00,0.181,72
2024-04-19 01:00:00,0.17,74
2024-04-20 01:00:00,0.167,67
2024-04-21 01:00:00,0.17,116
2024-04-22 01:00:00,0.169,61
2024-04-23 01:00:00,0.166,67
2024-04-24 01:00:00,0.161,75
2024-04-25 01:00:00,0.165,84
2024-04-26 01:00:00,0.168,77
2024-04-27 01:00:00,0.169,141
2024-04-28 01:00:00,0.17,79
2024-04-29 01:00:00,0.168,58
2024-04-30 01:00:00,0.164,52
2024-05-01 01:00:00,0.172,79
2024-05-02 01:00:00,0.17,78
2024-05-03 01:00:00,0.182,101
2024-05-04 01:00:00,0.196,85
2024-05-05 01:00:00,0.175,75
2024-05-06 01:00:00,0.167,74
2024-05-07 01:00:00,0.179,68
2024-05-08 01:00:00,0.179,97
2024-05-09 01:00:00,0.175,84
2024-05-10 01:00:00,0.18,79
2024-05-11 01:00:00,0.178,82
2024-05-12 01:00:00,0.182,82
2024-05-13 01:00:00,0.179,83
2024-05-14 01:00:00,0.184,44
2024-05-15 01:00:00,0.18,54
2024-05-16 01:00:00,0.176,62
2024-05-17 01:00:00,0.178,184
2024-05-18 01:00:00,0.179,72
2024-05-19 01:00:00,0.174,71
2024-05-20 01:00:00,0.177,65
2024-05-21 01:00:00,0.18,61
2024-05-22 01:00:00,0.18,91
2024-05-23 01:00:00,0.175,63
2024-05-24 01:00:00,0.179,75
2024-05-25 01:00:00,0.177,73
2024-05-26 01:00:00,0.181,64
2024-05-27 01:00:00,0.174,60
2024-05-28 01:00:00,0.176,47
2024-05-29 01:00:00,0.171,60
2024-05-30 01:00:00,0.177,70
2024-05-31 01:00:00,0.173,95
2024-06-01 01:00:00,0.177,69
2024-06-02 01:00:00,0.166,93
2024-06-03 01:00:00,0.18,50
2024-06-04 01:00:00,0.169,59
2024-06-05 01:00:00,0.18,61
2024-06-06 01:00:00,0.172,67
2024-06-07 01:00:00,0.179,49
2024-06-08 01:00:00,0.18,55
2024-06-09 01:00:00,0.178,77
2024-06-10 01:00:00,0.168,65
2024-06-11 01:00:00,0.174,65
2024-06-12 01:00:00,0.174,60
2024-06-13 01:00:00,0.183,53
2024-06-14 01:00:00,0.182,63
2024-06-15 01:00:00,0.174,58
2024-06-16 01:00:00,0.172,96
2024-06-17 01:00:00,0.179,73
2024-06-18 01:00:00,0.176,59
2024-06-19 01:00:00,0.172,79
2024-06-20 01:00:00,0.178,91
2024-06-21 01:00:00,0.171,59
2024-06-22 01:00:00,0.175,70
2024-06-23 01:00:00,0.178,65
2024-06-24 01:00:00,0.169,69
2024-06-25 01:00:00,0.169,66
2024-06-26 01:00:00,0.164,80
2024-06-27 01:00:00,0.17,108
2024-06-28 01:00:00,0.161,94
2024-06-29 01:00:00,0.167,103
2024-06-30 01:00:00,0.164,97
2024-07-01 01:00:00,0.169,71
2024-07-02 01:00:00,0.168,62
2024-07-03 01:00:00,0.161,107
2024-07-04 01:00:00,0.157,88
2024-07-05 01:00:00,0.166,76
2024-07-06 01:00:00,0.165,72
2024-07-07 01:00:00,0.156,70
2024-07-08 01:00:00,0.164,85
2024-07-09 01:00:00,0.162,67
2024-07-10 01:00:00,0.157,93
2024-07-11 01:00:00,0.164,105
2024-07-12 01:00:00,0.173,103
2024-07-13 01:00:00,0.177,139
2024-07-14 01:00:00,0.178,115
2024-07-15 01:00:00,0.177,66
2024-07-16 01:00:00,0.178,59
2024-07-17 01:00:00,0.183,93
2024-07-18 01:00:00,0.18,145
2024-07-19 01:00:00,0.187,186
2024-07-20 01:00:00,0.185,90
2024-07-21 01:00:00,0.19,96
2024-07-22 01:00:00,0.181,68
2024-07-23 01:00:00,0.201,84
2024-07-24 01:00:00,0.181,86
2024-07-25 01:00:00,0.19,98
2024-07-26 01:00:00,0.191,67
2024-07-27 01:00:00,0.182,68
2024-07-28 01:00:00,0.178,88
2024-07-29 01:00:00,0.181,67
2024-07-30 01:00:00,0.183,80
2024-07-31 01:00:00,0.182,103
2024-08-01 01:00:00,0.181,76
2024-08-02 01:00:00,0.178,70
2024-08-03 01:00:00,0.184,60
2024-08-04 01:00:00,0.191,92
2024-08-05 01:00:00,0.191,71
2024-08-06 01:00:00,0.186,75
2024-08-07 01:00:00,0.186,73
2024-08-08 01:00:00,0.203,80
2024-08-09 01:00:00,0.182,81
2024-08-10 01:00:00,0.189,81
2024-08-11 01:00:00,0.181,114
2024-08-12 01:00:00,0.187,92
2024-08-13 01:00:00,0.191,85
2024-08-14 01:00:00,0.188,99
2024-08-15 01:00:00,0.191,79
2024-08-16 01:00:00,0.182,79
2024-08-17 01:00:00,0.198,81
2024-08-18 01:00:00,0.174,82
2024-08-19 01:00:00,0.178,80
2024-08-20 01:00:00,0.177,82
2024-08-21 01:00:00,0.177,76
2024-08-22 01:00:00,0.185,67
2024-08-23 01:00:00,0.213,62
2024-08-24 01:00:00,0.177,79
2024-08-25 01:00:00,0.179,91
2024-08-26 01:00:00,0.169,94
2024-08-27 01:00:00,0.173,68
2024-08-28 01:00:00,0.171,70
2024-08-29 01:00:00,0.172,78
2024-08-30 01:00:00,0.172,81
2024-08-31 01:00:00,0.174,64
2024-09-01 01:00:00,0.17,89
2024-09-02 01:00:00,0.176,79
2024-09-03 01:00:00,0.177,54
2024-09-04 01:00:00,0.172,95
2024-09-05 01:00:00,0.173,73
2024-09-06 01:00:00,0.178,79
2024-09-07 01:00:00,0.186,96
2024-09-08 01:00:00,0.18,86
2024-09-09 01:00:00,0.183,88
2024-09-10 01:00:00,0.177,114
2024-09-11 01:00:00,0.187,154
2024-09-12 01:00:00,0.193,95
2024-09-13 01:00:00,0.195,87
2024-09-14 01:00:00,0.198,74
2024-09-15 01:00:00,0.194,77
2024-09-16 01:00:00,0.192,57
2024-09-17 01:00:00,0.191,94
2024-09-18 01:00:00,0.201,89
2024-09-19 01:00:00,0.201,77
2024-09-20 01:00:00,0.199,70
2024-09-21 01:00:00,0.196,80
2024-09-22 01:00:00,0.194,81
2024-09-23 01:00:00,0.184,96
2024-09-24 01:00:00,0.187,79
2024-09-25 01:00:00,0.185,65
2024-09-26 01:00:00,0.19,59
2024-09-27 01:00:00,0.184,63
2024-09-28 01:00:00,0.186,68
2024-09-29 01:00:00,0.186,101
2024-09-30 01:00:00,0.218,57
2024-10-01 01:00:00,0.182,58
2024-10-02 01:00:00,0.183,81
2024-10-03 01:00:00,0.171,86
2024-10-04 01:00:00,0.181,56
2024-10-05 01:00:00,0.18,63
2024-10-06 01:00:00,0.179,56
2024-10-07 01:00:00,0.171,65
2024-10-08 01:00:00,0.173,61
2024-10-09 01:00:00,0.172,53
2024-10-10 01:00:00,0.183,53
2024-10-11 01:00:00,0.176,84
2024-10-12 01:00:00,0.179,107
2024-10-13 01:00:00,0.176,85
2024-10-14 01:00:00,0.186,70
2024-10-15 01:00:00,0.195,113
2024-10-16 01:00:00,0.202,66
2024-10-17 01:00:00,0.201,53
2024-10-18 01:00:00,0.207,51
2024-10-19 01:00:00,0.205,79
2024-10-20 01:00:00,0.216,85
2024-10-21 01:00:00,0.2,99
2024-10-22 01:00:00,0.203,56
2024-10-23 01:00:00,0.202,72
2024-10-24 01:00:00,0.196,84
2024-10-25 01:00:00,0.189,63
2024-10-26 01:00:00,0.187,51
2024-10-27 01:00:00,0.193,77
2024-10-28 01:00:00,0.195,58
2024-10-29 01:00:00,0.187,54
2024-10-30 01:00:00,0.184,76
2024-10-31 01:00:00,0.186,43
2024-11-01 01:00:00,0.19,59
2024-11-02 01:00:00,0.194,80
2024-11-03 01:00:00,0.199,64
2024-11-04 01:00:00,0.195,39
2024-11-05 01:00:00,0.192,46
2024-11-06 01:00:00,0.199,46
2024-11-07 01:00:00,0.192,62
2024-11-08 01:00:00,0.198,53
2024-11-09 01:00:00,0.199,80
2024-11-10 01:00:00,0.199,66
2024-11-11 01:00:00,0.199,45
2024-11-12 01:00:00,0.199,48
2024-11-13 01:00:00,0.199,3
2024-11-13 03:00:00,0.221,1
2024-11-13 05:00:00,0.159,1
2024-11-13 06:00:00,0.208,1
2024-11-13 07:00:00,0.185,2
2024-11-13 09:00:00,0.21,9
2024-11-13 10:00:00,0.192,2
2024-11-13 11:00:00,0.171,1
2024-11-13 12:00:00,0.175,2
2024-11-13 13:00:00,0.216,2
2024-11-13 14:00:00,0.23,2
2024-11-13 15:00:00,0.221,4
2024-11-13 16:00:00,0.215,4
2024-11-13 17:00:00,0.192,8
2024-11-13 18:00:00,0.223,13
2024-11-13 19:00:00,0.23,3
2024-11-13 20:00:00,0.225,4
2024-11-13 21:00:00,0.199,2
2024-11-13 22:00:00,0.217,6
2024-11-13 23:00:00,0.196,2
2024-11-14 00:00:00,0.191,1
2024-11-14 01:00:00,0.218,1
2024-11-14 02:00:00,0.177,2
2024-11-14 03:00:00,0.177,1
2024-11-14 04:00:00,0.231,3
2024-11-14 05:00:00,0.195,1
2024-11-14 06:00:00,0.177,1
2024-11-14 07:00:00,0.16,1
2024-11-14 08:00:00,0.196,4
2024-11-14 09:00:00,0.21,2
2024-11-14 10:00:00,0.18,1
2024-11-14 11:00:00,0.208,3
2024-11-14 12:00:00,0.18,1
2024-11-14 13:00:00,0.215,1
2024-11-14 14:00:00,0.213,3
2024-11-14 15:00:00,0.217,2
2024-11-14 16:00:00,0.217,2
2024-11-14 18:00:00,0.215,4
2024-11-14 19:00:00,0.21,2
2024-11-14 20:00:00,0.21,3
2024-11-14 21:00:00,0.214,15
2024-11-14 22:00:00,0.179,3
2024-11-14 23:00:00,0.185,2
2024-11-15 00:00:00,0.208,3
2024-11-15 01:00:00,0.214,2
2024-11-15 03:00:00,0.218,1
2024-11-15 04:00:00,0.191,2
2024-11-15 06:00:00,0.224,2
2024-11-15 07:00:00,0.217,1
2024-11-15 09:00:00,0.217,3
2024-11-15 10:00:00,0.179,5
2024-11-15 11:00:00,0.172,5
2024-11-15 13:00:00,0.201,3
2024-11-15 14:00:00,0.21,1
2024-11-15 15:00:00,0.158,2
2024-11-15 16:00:00,0.204,3
2024-11-15 17:00:00,0.222,4
2024-11-15 18:00:00,0.195,2
2024-11-15 19:00:00,0.222,6
2024-11-15 20:00:00,0.198,2
2024-11-15 21:00:00,0.184,4
2024-11-15 22:00:00,0.193,2
2024-11-15 23:00:00,0.218,2
2024-11-16 01:00:00,0.18,1
2024-11-16 04:00:00,0.206,2
2024-11-16 06:00:00,0.218,1
2024-11-16 07:00:00,0.206,1
2024-11-16 08:00:00,0.176,2
2024-11-16 10:00:00,0.195,4
2024-11-16 11:00:00,0.18,3
2024-11-16 12:00:00,0.205,4
2024-11-16 13:00:00,0.21,3
2024-11-16 14:00:00,0.18,1
2024-11-16 15:00:00,0.18,3
2024-11-16 16:00:00,0.171,2
2024-11-16 17:00:00,0.218,7
2024-11-16 18:00:00,0.211,1
2024-11-16 19:00:00,0.211,3
2024-11-16 20:00:00,0.198,2
2024-11-16 21:00:00,0.212,2
2024-11-16 22:00:00,0.192,2
2024-11-16 23:00:00,0.23,1
2024-11-17 00:00:00,0.21,3
2024-11-17 01:00:00,0.204,2
2024-11-17 02:00:00,0.216,2
2024-11-17 06:00:00,0.193,2
2024-11-17 07:00:00,0.2,1
2024-11-17 08:00:00,0.18,1
2024-11-17 09:00:00,0.189,2
2024-11-17 10:00:00,0.183,3
2024-11-17 11:00:00,0.166,1
2024-11-17 12:00:00,0.172,1
2024-11-17 13:00:00,0.187,4
2024-11-17 14:00:00,0.194,4
2024-11-17 15:00:00,0.188,4
2024-11-17 16:00:00,0.183,2
2024-11-17 17:00:00,0.184,2
2024-11-17 18:00:00,0.18,3
2024-11-17 19:00:00,0.2,7
2024-11-17 20:00:00,0.212,2
2024-11-17 21:00:00,0.184,4
2024-11-17 22:00:00,0.186,3
2024-11-17 23:00:00,0.185,4
2024-11-18 00:00:00,0.213,2
2024-11-18 01:00:00,0.195,2
2024-11-18 02:00:00,0.165,1
2024-11-18 03:00:00,0.218,1
2024-11-18 06:00:00,0.175,2
2024-11-18 07:00:00,0.218,2
2024-11-18 09:00:00,0.21,6
2024-11-18 10:00:00,0.2,1
2024-11-18 11:00:00,0.176,3
2024-11-18 13:00:00,0.161,3
2024-11-18 14:00:00,0.19,1
2024-11-18 15:00:00,0.191,1
2024-11-18 16:00:00,0.165,2
2024-11-18 17:00:00,0.19,5
2024-11-18 18:00:00,0.189,3
2024-11-18 19:00:00,0.2,9
2024-11-18 20:00:00,0.175,15
2024-11-18 21:00:00,0.175,1
2024-11-18 22:00:00,0.175,9
2024-11-18 23:00:00,0.175,8
2024-11-19 00:00:00,0.217,2
2024-11-19 01:00:00,0.21,3
2024-11-19 02:00:00,0.222,1
2024-11-19 04:00:00,0.21,1
2024-11-19 05:00:00,0.148,1
2024-11-19 06:00:00,0.201,1
2024-11-19 07:00:00,0.22,1
2024-11-19 10:00:00,0.13,3
2024-11-19 11:00:00,0.18,1
2024-11-19 12:00:00,0.205,5
2024-11-19 13:00:00,0.217,4
2024-11-19 14:00:00,0.158,1
2024-11-19 16:00:00,0.207,1
2024-11-19 18:00:00,0.2,10
2024-11-19 19:00:00,0.167,10
2024-11-19 20:00:00,0.18,5
2024-11-19 21:00:00,0.167,7
2024-11-19 22:00:00,0.179,6
2024-11-19 23:00:00,0.167,10
2024-11-20 00:00:00,0.184,2
2024-11-20 01:00:00,0.167,1
2024-11-20 03:00:00,0.199,1
2024-11-20 04:00:00,0.212,2
2024-11-20 08:00:00,0.159,1
2024-11-20 09:00:00,0.19,3
2024-11-20 10:00:00,0.194,3
2024-11-20 11:00:00,0.192,3
2024-11-20 12:00:00,0.193,1
2024-11-20 13:00:00,0.189,3
2024-11-20 14:00:00,0.189,1
2024-11-20 15:00:00,0.189,3
2024-11-20 16:00:00,0.187,5
2024-11-20 17:00:00,0.16,1
2024-11-20 18:00:00,0.167,11
2024-11-20 19:00:00,0.167,20
2024-11-20 20:00:00,0.167,8
2024-11-20 21:00:00,0.165,4
2024-11-20 22:00:00,0.18,2
2024-11-21 00:00:00,0.208,2
2024-11-21 01:00:00,0.181,1
2024-11-21 02:00:00,0.196,2
2024-11-21 03:00:00,0.205,1
2024-11-21 04:00:00,0.192,2
2024-11-21 05:00:00,0.215,1
2024-11-21 06:00:00,0.21,1
2024-11-21 07:00:00,0.216,1
2024-11-21 09:00:00,0.213,2
2024-11-21 10:00:00,0.19,5
2024-11-21 12:00:00,0.19,3
2024-11-21 13:00:00,0.19,3
2024-11-21 14:00:00,0.194,5
2024-11-21 15:00:00,0.215,3
2024-11-21 16:00:00,0.2,4
2024-11-21 17:00:00,0.208,3
2024-11-21 18:00:00,0.195,1
2024-11-21 19:00:00,0.17,4
2024-11-21 20:00:00,0.17,13
2024-11-21 21:00:00,0.157,15
2024-11-21 22:00:00,0.158,9
2024-11-21 23:00:00,0.181,6
2024-11-22 00:00:00,0.179,2
2024-11-22 01:00:00,0.192,1
2024-11-22 02:00:00,0.206,1
2024-11-22 04:00:00,0.204,2
2024-11-22 05:00:00,0.213,1
2024-11-22 07:00:00,0.188,2
2024-11-22 10:00:00,0.168,1
2024-11-22 11:00:00,0.205,2
2024-11-22 12:00:00,0.144,4
2024-11-22 13:00:00,0.204,4
2024-11-22 14:00:00,0.206,7
2024-11-22 15:00:00,0.175,2
2024-11-22 16:00:00,0.238,2
2024-11-22 17:00:00,0.2,3
2024-11-22 18:00:00,0.2,3
2024-11-22 19:00:00,0.197,5
2024-11-22 20:00:00,0.149,3
2024-11-22 21:00:00,0.191,2
2024-11-22 22:00:00,0.163,2
2024-11-22 23:00:00,0.173,2
2024-11-23 00:00:00,0.19,3
2024-11-23 01:00:00,0.198,1
2024-11-23 02:00:00,0.19,1
2024-11-23 03:00:00,0.178,2
2024-11-23 04:00:00,0.167,6
2024-11-23 05:00:00,0.167,2
2024-11-23 06:00:00,0.197,2
2024-11-23 07:00:00,0.194,1
2024-11-23 08:00:00,0.196,2
2024-11-23 09:00:00,0.194,2
2024-11-23 10:00:00,0.18,4
2024-11-23 11:00:00,0.161,1
2024-11-23 12:00:00,0.185,2
2024-11-23 13:00:00,0.19,3
2024-11-23 14:00:00,0.192,3
2024-11-23 15:00:00,0.19,3
2024-11-23 16:00:00,0.19,3
2024-11-23 17:00:00,0.19,4
2024-11-23 18:00:00,0.191,2
2024-11-23 19:00:00,0.18,5
2024-11-23 20:00:00,0.191,3
2024-11-23 21:00:00,0.191,5
2024-11-23 22:00:00,0.18,1
2024-11-23 23:00:00,0.194,6
2024-11-24 00:00:00,0.194,2
2024-11-24 02:00:00,0.198,1
2024-11-24 03:00:00,0.187,4
2024-11-24 04:00:00,0.217,2
2024-11-24 05:00:00,0.197,1
2024-11-24 07:00:00,0.197,1
2024-11-24 08:00:00,0.197,3
2024-11-24 09:00:00,0.2,5
2024-11-24 10:00:00,0.187,3
2024-11-24 11:00:00,0.188,1
2024-11-24 12:00:00,0.185,4
2024-11-24 13:00:00,0.19,4
2024-11-24 14:00:00,0.17,5
2024-11-24 15:00:00,0.182,2
2024-11-24 16:00:00,0.18,3
2024-11-24 17:00:00,0.18,4
2024-11-24 18:00:00,0.175,6
2024-11-24 19:00:00,0.18,13
2024-11-24 20:00:00,0.2,4
2024-11-24 21:00:00,0.203,3
2024-11-24 22:00:00,0.198,3
2024-11-24 23:00:00,0.206,3
2024-11-25 01:00:00,0.208,1
2024-11-25 03:00:00,0.2,3
2024-11-25 04:00:00,0.168,2
2024-11-25 05:00:00,0.17,2
2024-11-25 08:00:00,0.167,1
2024-11-25 09:00:00,0.2,1
2024-11-25 11:00:00,0.17,1
2024-11-25 12:00:00,0.207,1
2024-11-25 13:00:00,0.198,7
2024-11-25 14:00:00,0.19,4
2024-11-25 15:00:00,0.168,4
2024-11-25 16:00:00,0.18,5
2024-11-25 17:00:00,0.184,5
2024-11-25 18:00:00,0.189,4
2024-11-25 19:00:00,0.188,4
2024-11-25 20:00:00,0.199,5
2024-11-25 21:00:00,0.191,3
2024-11-25 22:00:00,0.19,3
2024-11-25 23:00:00,0.154,1
2024-11-26 00:00:00,0.2,1
2024-11-26 01:00:00,0.191,2
2024-11-26 03:00:00,0.193,4
2024-11-26 04:00:00,0.2,9
2024-11-26 05:00:00,0.204,2
2024-11-26 06:00:00,0.21,1
2024-11-26 07:00:00,0.204,2
2024-11-26 08:00:00,0.64,2
2024-11-26 09:00:00,0.21,4
2024-11-26 10:00:00,0.207,3
2024-11-26 11:00:00,0.208,7
2024-11-26 12:00:00,0.165,1
2024-11-26 13:00:00,0.194,3
2024-11-26 14:00:00,0.19,1
2024-11-26 15:00:00,0.17,5
2024-11-26 16:00:00,0.206,8
2024-11-26 17:00:00,0.179,2
2024-11-26 18:00:00,0.193,4
2024-11-26 19:00:00,0.18,3
2024-11-26 20:00:00,0.18,11
2024-11-26 21:00:00,0.18,1
2024-11-26 22:00:00,0.18,2
2024-11-26 23:00:00,0.191,4
2024-11-27 00:00:00,0.214,1
2024-11-27 01:00:00,0.217,1
2024-11-27 03:00:00,0.18,1
2024-11-27 05:00:00,0.19,2
2024-11-27 06:00:00,0.21,1
2024-11-27 09:00:00,0.2,4
2024-11-27 10:00:00,0.2,5
2024-11-27 11:00:00,0.19,1
2024-11-27 12:00:00,0.18,5
2024-11-27 13:00:00,0.2,5
2024-11-27 14:00:00,0.2,9
2024-11-27 15:00:00,0.198,8
2024-11-27 16:00:00,0.185,4
2024-11-27 17:00:00,0.188,2
2024-11-27 18:00:00,0.199,5
2024-11-27 19:00:00,0.195,5
2024-11-27 20:00:00,0.186,4
2024-11-27 21:00:00,0.192,3
2024-11-27 22:00:00,0.201,1
2024-11-27 23:00:00,0.175,6
2024-11-28 00:00:00,0.19,2
2024-11-28 01:00:00,0.15,1
2024-11-28 02:00:00,0.175,2
2024-11-28 03:00:00,0.19,4
2024-11-28 04:00:00,0.2,1
2024-11-28 05:00:00,0.168,6
2024-11-28 06:00:00,0.17,1
2024-11-28 07:00:00,0.18,3
2024-11-28 08:00:00,0.19,3
2024-11-28 09:00:00,0.18,3
2024-11-28 10:00:00,0.175,10
2024-11-28 11:00:00,0.161,3
2024-11-28 12:00:00,0.163,5
2024-11-28 13:00:00,0.18,4
2024-11-28 14:00:00,0.179,1
2024-11-28 15:00:00,0.158,1
2024-11-28 16:00:00,0.193,5
2024-11-28 17:00:00,0.19,4
2024-11-28 18:00:00,0.159,6
2024-11-28 19:00:00,0.176,9
2024-11-28 20:00:00,0.201,13
2024-11-28 21:00:00,0.199,7
2024-11-28 22:00:00,0.196,2
2024-11-29 00:00:00,0.16,3
2024-11-29 01:00:00,0.16,4
2024-11-29 03:00:00,0.17,4
2024-11-29 05:00:00,0.173,1
2024-11-29 06:00:00,0.17,1
2024-11-29 07:00:00,0.175,2
2024-11-29 08:00:00,0.175,2
2024-11-29 09:00:00,0.19,3
2024-11-29 10:00:00,0.17,6
2024-11-29 11:00:00,0.179,2
2024-11-29 12:00:00,0.17,3
2024-11-29 13:00:00,0.17,3
2024-11-29 14:00:00,0.16,5
2024-11-29 15:00:00,0.185,2
2024-11-29 16:00:00,0.19,6
2024-11-29 17:00:00,0.19,1
2024-11-29 18:00:00,0.19,3
2024-11-29 19:00:00,0.191,10
2024-11-29 20:00:00,0.169,3
2024-11-29 21:00:00,0.166,4
2024-11-29 22:00:00,0.159,2
2024-11-29 23:00:00,0.165,4
2024-11-30 00:00:00,0.201,2
2024-11-30 03:00:00,0.189,2
2024-11-30 04:00:00,0.165,2
2024-11-30 06:00:00,0.164,2
2024-11-30 07:00:00,0.16,2
2024-11-30 08:00:00,0.187,2
2024-11-30 09:00:00,0.184,5
2024-11-30 10:00:00,0.169,2
2024-11-30 11:00:00,0.192,6
2024-11-30 12:00:00,0.169,3
2024-11-30 13:00:00,0.17,2
2024-11-30 14:00:00,0.18,3
2024-11-30 15:00:00,0.169,5
2024-11-30 16:00:00,0.16,2
2024-11-30 17:00:00,0.182,2
2024-11-30 18:00:00,0.181,2
2024-11-30 19:00:00,0.179,5
2024-11-30 20:00:00,0.169,5
2024-11-30 21:00:00,0.159,4
2024-11-30 22:00:00,0.169,1
2024-11-30 23:00:00,0.187,2
2024-12-01 00:00:00,0.179,3
2024-12-01 01:00:00,0.187,2
2024-12-01 02:00:00,0.18,1
2024-12-01 04:00:00,0.03,1
2024-12-01 05:00:00,0.136,1
2024-12-01 07:00:00,0.155,2
2024-12-01 08:00:00,0.172,2
2024-12-01 09:00:00,0.18,5
2024-12-01 11:00:00,0.16,2
2024-12-01 12:00:00,0.163,2
2024-12-01 13:00:00,0.16,3
2024-12-01 14:00:00,0.161,4
2024-12-01 15:00:00,0.167,5
2024-12-01 16:00:00,0.155,2
2024-12-01 17:00:00,0.16,3
2024-12-01 18:00:00,0.14,2
2024-12-01 19:00:00,0.163,5
2024-12-01 20:00:00,0.16,3
2024-12-01 21:00:00,0.16,3
2024-12-01 22:00:00,0.192,4
2024-12-01 23:00:00,0.163,2
2024-12-02 00:00:00,0.169,4
2024-12-02 03:00:00,0.165,3
2024-12-02 04:00:00,0.17,1
2024-12-02 06:00:00,0.147,1
2024-12-02 07:00:00,0.164,3
2024-12-02 09:00:00,0.155,2
2024-12-02 10:00:00,0.162,8
2024-12-02 11:00:00,0.162,5
2024-12-02 12:00:00,0.165,3
2024-12-02 13:00:00,0.16,3
2024-12-02 14:00:00,0.162,8
2024-12-02 15:00:00,0.16,3
2024-12-02 16:00:00,0.155,4
2024-12-02 17:00:00,0.185,2
2024-12-02 18:00:00,0.165,3
2024-12-02 19:00:00,0.16,3
2024-12-02 20:00:00,0.133,1
2024-12-02 21:00:00,0.162,4
2024-12-02 22:00:00,0.148,5
2024-12-03 00:00:00,0.16,3
2024-12-03 01:00:00,0.17,1
2024-12-03 02:00:00,0.16,2
2024-12-03 03:00:00,0.164,3
2024-12-03 04:00:00,0.15,1
2024-12-03 05:00:00,0.17,3
2024-12-03 06:00:00,0.17,1
2024-12-03 07:00:00,0.17,2
2024-12-03 08:00:00,0.18,1
2024-12-03 09:00:00,0.17,3
2024-12-03 10:00:00,0.15,2
2024-12-03 11:00:00,0.174,4
2024-12-03 12:00:00,0.15,3
2024-12-03 14:00:00,0.16,1
2024-12-03 15:00:00,0.16,3
2024-12-03 16:00:00,0.16,5
2024-12-03 17:00:00,0.168,5
2024-12-03 18:00:00,0.168,6
2024-12-03 19:00:00,0.16,7
2024-12-03 20:00:00,0.16,5
2024-12-03 21:00:00,0.17,3
2024-12-03 22:00:00,0.164,8
2024-12-03 23:00:00,0.155,4
2024-12-04 00:00:00,0.174,4
2024-12-04 02:00:00,0.175,2
2024-12-04 03:00:00,0.182,1
2024-12-04 04:00:00,0.17,2
2024-12-04 06:00:00,0.169,1
2024-12-04 07:00:00,0.413,1
2024-12-04 08:00:00,0.181,4
2024-12-04 09:00:00,0.182,1
2024-12-04 10:00:00,0.515,2
2024-12-04 11:00:00,0.171,2
2024-12-04 13:00:00,0.16,5
2024-12-04 14:00:00,0.171,4
2024-12-04 15:00:00,0.155,2
2024-12-04 16:00:00,0.179,4
2024-12-04 17:00:00,0.177,9
2024-12-04 18:00:00,0.193,6
2024-12-04 19:00:00,0.16,3
2024-12-04 20:00:00,0.15,3
2024-12-04 21:00:00,0.199,2
2024-12-04 22:00:00,0.184,3
2024-12-04 23:00:00,0.164,2
2024-12-05 00:00:00,0.16,3
2024-12-05 01:00:00,0.186,2
2024-12-05 02:00:00,0.175,2
2024-12-05 04:00:00,0.188,10
2024-12-05 07:00:00,0.192,2
2024-12-05 09:00:00,0.171,3
2024-12-05 10:00:00,0.18,1
2024-12-05 11:00:00,0.18,2
2024-12-05 12:00:00,0.16,1
2024-12-05 14:00:00,0.141,1
2024-12-05 15:00:00,0.18,9
2024-12-05 16:00:00,0.191,8
2024-12-05 17:00:00,0.224,2
2024-12-05 18:00:00,0.19,2
2024-12-05 19:00:00,0.184,3
2024-12-05 20:00:00,0.174,2
2024-12-05 21:00:00,0.185,4
2024-12-05 22:00:00,0.183,2
2024-12-05 23:00:00,0.16,3
2024-12-06 00:00:00,0.14,1
2024-12-06 01:00:00,0.559,1
2024-12-06 04:00:00,0.18,1
2024-12-06 05:00:00,0.166,2
2024-12-06 09:00:00,0.172,5
2024-12-06 10:00:00,0.172,5
2024-12-06 11:00:00,0.166,3
2024-12-06 12:00:00,0.18,3
2024-12-06 13:00:00,0.17,6
2024-12-06 14:00:00,0.166,3
2024-12-06 15:00:00,0.168,6
2024-12-06 16:00:00,0.168,4
2024-12-06 17:00:00,0.16,3
2024-12-06 18:00:00,0.15,2
2024-12-06 19:00:00,0.169,3
2024-12-06 20:00:00,0.17,4
2024-12-06 21:00:00,0.18,3
2024-12-06 22:00:00,0.18,10
2024-12-06 23:00:00,0.172,3
2024-12-07 00:00:00,0.165,2
2024-12-07 01:00:00,0.169,1
2024-12-07 03:00:00,0.18,2
2024-12-07 04:00:00,0.16,1
2024-12-07 05:00:00,0.183,1
2024-12-07 07:00:00,0.183,1
2024-12-07 09:00:00,0.186,2
2024-12-07 10:00:00,0.169,1
2024-12-07 11:00:00,0.18,1
2024-12-07 12:00:00,0.201,6
2024-12-07 13:00:00,0.18,3
2024-12-07 14:00:00,0.19,9
2024-12-07 15:00:00,0.19,3
2024-12-07 16:00:00,0.18,1
2024-12-07 17:00:00,0.238,6
2024-12-07 18:00:00,0.381,5
2024-12-07 19:00:00,0.188,10
2024-12-07 20:00:00,0.19,1
2024-12-07 21:00:00,0.184,1
2024-12-07 22:00:00,0.188,3
2024-12-07 23:00:00,0.169,4
2024-12-08 01:00:00,0.184,2
2024-12-08 03:00:00,0.16,1
2024-12-08 04:00:00,0.16,3
2024-12-08 07:00:00,0.18,1
2024-12-08 08:00:00,0.183,1
2024-12-08 09:00:00,0.146,1
2024-12-08 10:00:00,0.172,3
2024-12-08 13:00:00,0.177,4
2024-12-08 14:00:00,0.18,3
2024-12-08 15:00:00,0.184,2
2024-12-08 16:00:00,0.181,6
2024-12-08 17:00:00,0.187,3
2024-12-08 18:00:00,0.17,4
2024-12-08 19:00:00,0.165,4
2024-12-08 20:00:00,0.189,10
2024-12-08 21:00:00,0.16,4
2024-12-08 22:00:00,0.184,4
2024-12-08 23:00:00,0.164,2
2024-12-09 00:00:00,0.169,3
2024-12-09 04:00:00,0.19,2
2024-12-09 05:00:00,0.19,1
2024-12-09 07:00:00,0.191,1
2024-12-09 08:00:00,0.169,1
2024-12-09 09:00:00,0.185,2
2024-12-09 10:00:00,0.18,1
2024-12-09 11:00:00,0.18,1
2024-12-09 12:00:00,0.177,3
2024-12-09 13:00:00,0.169,6
2024-12-09 14:00:00,0.18,3
2024-12-09 15:00:00,0.179,4
2024-12-09 16:00:00,0.17,6
2024-12-09 17:00:00,0.18,5
2024-12-09 18:00:00,0.191,3
2024-12-09 19:00:00,0.18,6
2024-12-09 20:00:00,0.169,1
2024-12-09 21:00:00,0.19,7
2024-12-09 22:00:00,0.18,1
2024-12-09 23:00:00,0.18,3
2024-12-10 00:00:00,0.19,1
2024-12-10 02:00:00,0.18,1
2024-12-10 03:00:00,0.17,4
2024-12-10 06:00:00,0.149,1
2024-12-10 08:00:00,0.333,2
2024-12-10 10:00:00,0.2,3
2024-12-10 11:00:00,0.19,5
2024-12-10 12:00:00,0.188,2
2024-12-10 13:00:00,0.276,2
2024-12-10 15:00:00,0.189,2
2024-12-10 16:00:00,0.191,4
2024-12-10 17:00:00,0.195,19
2024-12-10 18:00:00,0.18,4
2024-12-10 19:00:00,0.175,6
2024-12-10 20:00:00,0.169,3
2024-12-10 21:00:00,0.197,4
2024-12-10 22:00:00,0.2,4
2024-12-11 00:00:00,0.19,3
2024-12-11 01:00:00,0.189,1
2024-12-11 02:00:00,0.16,1
2024-12-11 03:00:00,0.19,1
2024-12-11 04:00:00,0.18,3
2024-12-11 05:00:00,0.19,1
2024-12-11 06:00:00,0.2,13
2024-12-11 07:00:00,0.196,1
2024-12-11 11:00:00,0.168,5
2024-12-11 12:00:00,0.184,4
2024-12-11 14:00:00,0.178,4
2024-12-11 15:00:00,0.172,4
2024-12-11 16:00:00,0.159,2
2024-12-11 17:00:00,0.168,5
2024-12-11 18:00:00,0.168,2
2024-12-11 19:00:00,0.173,7
2024-12-11 20:00:00,0.182,7
2024-12-11 21:00:00,0.175,1
2024-12-11 22:00:00,0.187,3
2024-12-11 23:00:00,0.155,2
2024-12-12 00:00:00,0.176,2
2024-12-12 03:00:00,0.185,2
2024-12-12 05:00:00,0.184,1
2024-12-12 06:00:00,0.195,2
2024-12-12 07:00:00,0.19,3
2024-12-12 09:00:00,0.177,3
2024-12-12 10:00:00,0.17,4
2024-12-12 11:00:00,0.18,1
2024-12-12 12:00:00,0.19,14
2024-12-12 13:00:00,0.191,3
2024-12-12 14:00:00,0.17,5
2024-12-12 15:00:00,0.17,2
2024-12-12 16:00:00,0.18,4
2024-12-12 17:00:00,0.177,2
2024-12-12 18:00:00,0.189,5
2024-12-12 19:00:00,0.189,1
2024-12-12 20:00:00,0.192,3
2024-12-12 21:00:00,0.192,4
2024-12-12 22:00:00,0.136,2
2024-12-12 23:00:00,0.17,4
2024-12-13 00:00:00,0.18,1
2024-12-13 01:00:00,0.205,4
