date,price,volume
2021-05-03 01:00:00,31.97,1
2021-05-04 01:00:00,73.392,71
2021-05-05 01:00:00,50.525,69
2021-05-06 01:00:00,45.104,59
2021-05-07 01:00:00,39.59,57
2021-05-08 01:00:00,35.761,62
2021-05-09 01:00:00,33.033,60
2021-05-10 01:00:00,32.363,63
2021-05-11 01:00:00,43.8,42
2021-05-12 01:00:00,46.598,47
2021-05-13 01:00:00,39.196,35
2021-05-14 01:00:00,38.976,55
2021-05-15 01:00:00,40.533,45
2021-05-16 01:00:00,36.378,44
2021-05-17 01:00:00,34.977,48
2021-05-18 01:00:00,37.27,48
2021-05-19 01:00:00,35.914,41
2021-05-20 01:00:00,36.235,44
2021-05-21 01:00:00,32.207,60
2021-05-22 01:00:00,32.798,53
2021-05-23 01:00:00,33.12,59
2021-05-24 01:00:00,32.024,43
2021-05-25 01:00:00,29.288,37
2021-05-26 01:00:00,28.36,54
2021-05-27 01:00:00,28.235,59
2021-05-28 01:00:00,29.247,42
2021-05-29 01:00:00,28.618,56
2021-05-30 01:00:00,28.707,66
2021-05-31 01:00:00,27.897,44
2021-06-01 01:00:00,27.585,50
2021-06-02 01:00:00,27.015,43
2021-06-03 01:00:00,26.972,48
2021-06-04 01:00:00,24.976,54
2021-06-05 01:00:00,23.976,53
2021-06-06 01:00:00,23.474,51
2021-06-07 01:00:00,24.026,42
2021-06-08 01:00:00,24.938,46
2021-06-09 01:00:00,24.562,45
2021-06-10 01:00:00,25.037,46
2021-06-11 01:00:00,23.645,49
2021-06-12 01:00:00,24.193,52
2021-06-13 01:00:00,24.254,51
2021-06-14 01:00:00,24.29,44
2021-06-15 01:00:00,23.317,35
2021-06-16 01:00:00,22.483,28
2021-06-17 01:00:00,20.921,32
2021-06-18 01:00:00,22.346,47
2021-06-19 01:00:00,22.942,45
2021-06-20 01:00:00,21.876,47
2021-06-21 01:00:00,20.916,42
2021-06-22 01:00:00,18.707,44
2021-06-23 01:00:00,18.194,59
2021-06-24 01:00:00,18.245,48
2021-06-25 01:00:00,17.139,57
2021-06-26 01:00:00,17.378,60
2021-06-27 01:00:00,18.52,43
2021-06-28 01:00:00,17.486,35
2021-06-29 01:00:00,17.439,46
2021-06-30 01:00:00,17.536,50
2021-07-01 01:00:00,17.777,34
2021-07-02 01:00:00,17.835,42
2021-07-03 01:00:00,18.855,45
2021-07-04 01:00:00,18.613,44
2021-07-05 01:00:00,18.548,39
2021-07-06 01:00:00,18.76,36
2021-07-07 01:00:00,18.609,37
2021-07-08 01:00:00,18.346,43
2021-07-09 01:00:00,18.085,48
2021-07-10 01:00:00,17.898,49
2021-07-11 01:00:00,18.079,51
2021-07-12 01:00:00,17.09,45
2021-07-13 01:00:00,15.973,62
2021-07-14 01:00:00,15.707,63
2021-07-15 01:00:00,15.562,59
2021-07-16 01:00:00,16.321,40
2021-07-17 01:00:00,16.571,43
2021-07-18 01:00:00,15.874,48
2021-07-19 01:00:00,16.139,63
2021-07-20 01:00:00,16.562,48
2021-07-21 01:00:00,16.38,45
2021-07-22 01:00:00,16.649,52
2021-07-23 01:00:00,15.921,53
2021-07-24 01:00:00,16.192,41
2021-07-25 01:00:00,15.947,54
2021-07-26 01:00:00,15.725,40
2021-07-27 01:00:00,15.588,34
2021-07-28 01:00:00,16.17,47
2021-07-29 01:00:00,15.408,59
2021-07-30 01:00:00,15.255,49
2021-07-31 01:00:00,14.698,55
2021-08-01 01:00:00,14.158,59
2021-08-02 01:00:00,14.425,53
2021-08-03 01:00:00,14.695,64
2021-08-04 01:00:00,14.052,62
2021-08-05 01:00:00,13.63,50
2021-08-06 01:00:00,13.679,59
2021-08-07 01:00:00,14.403,56
2021-08-08 01:00:00,14.441,63
2021-08-09 01:00:00,13.795,47
2021-08-10 01:00:00,13.879,59
2021-08-11 01:00:00,13.503,51
2021-08-12 01:00:00,13.166,50
2021-08-13 01:00:00,13.426,55
2021-08-14 01:00:00,13.302,49
2021-08-15 01:00:00,12.737,53
2021-08-16 01:00:00,12.724,47
2021-08-17 01:00:00,13.598,39
2021-08-18 01:00:00,12.679,45
2021-08-19 01:00:00,12.626,42
2021-08-20 01:00:00,12.643,44
2021-08-21 01:00:00,12.106,58
2021-08-22 01:00:00,12.318,61
2021-08-23 01:00:00,12.347,54
2021-08-24 01:00:00,11.656,48
2021-08-25 01:00:00,11.251,62
2021-08-26 01:00:00,11.296,54
2021-08-27 01:00:00,11.585,52
2021-08-28 01:00:00,11.593,62
2021-08-29 01:00:00,11.592,51
2021-08-30 01:00:00,11.408,65
2021-08-31 01:00:00,11.723,51
2021-09-01 01:00:00,11.541,58
2021-09-02 01:00:00,11.095,65
2021-09-03 01:00:00,11.462,56
2021-09-04 01:00:00,11.598,62
2021-09-05 01:00:00,10.856,54
2021-09-06 01:00:00,11.194,47
2021-09-07 01:00:00,11.132,57
2021-09-08 01:00:00,10.763,51
2021-09-09 01:00:00,11.318,55
2021-09-10 01:00:00,10.76,77
2021-09-11 01:00:00,11.265,55
2021-09-12 01:00:00,11.158,57
2021-09-13 01:00:00,10.845,45
2021-09-14 01:00:00,10.625,44
2021-09-15 01:00:00,10.423,54
2021-09-16 01:00:00,10.987,58
2021-09-17 01:00:00,10.902,54
2021-09-18 01:00:00,10.989,67
2021-09-19 01:00:00,11.156,58
2021-09-20 01:00:00,10.496,52
2021-09-21 01:00:00,10.665,55
2021-09-22 01:00:00,8.462,123
2021-09-23 01:00:00,7.753,65
2021-09-24 01:00:00,8.233,70
2021-09-25 01:00:00,8.347,74
2021-09-26 01:00:00,8.445,53
2021-09-27 01:00:00,8.213,52
2021-09-28 01:00:00,7.94,45
2021-09-29 01:00:00,7.953,56
2021-09-30 01:00:00,8.002,71
2021-10-01 01:00:00,8.056,63
2021-10-02 01:00:00,7.634,93
2021-10-03 01:00:00,7.734,64
2021-10-04 01:00:00,7.696,59
2021-10-05 01:00:00,7.659,41
2021-10-06 01:00:00,7.841,55
2021-10-07 01:00:00,8.132,55
2021-10-08 01:00:00,8.096,54
2021-10-09 01:00:00,7.931,62
2021-10-10 01:00:00,8.003,58
2021-10-11 01:00:00,7.974,55
2021-10-12 01:00:00,7.947,42
2021-10-13 01:00:00,7.731,58
2021-10-14 01:00:00,7.719,55
2021-10-15 01:00:00,7.738,49
2021-10-16 01:00:00,7.593,62
2021-10-17 01:00:00,7.225,61
2021-10-18 01:00:00,7.446,50
2021-10-19 01:00:00,7.135,59
2021-10-20 01:00:00,7.638,40
2021-10-21 01:00:00,7.325,65
2021-10-22 01:00:00,6.511,88
2021-10-23 01:00:00,6.692,61
2021-10-24 01:00:00,6.689,63
2021-10-25 01:00:00,6.303,55
2021-10-26 01:00:00,6.753,53
2021-10-27 01:00:00,6.938,42
2021-10-28 01:00:00,6.71,52
2021-10-29 01:00:00,6.442,63
2021-10-30 01:00:00,7.012,68
2021-10-31 01:00:00,7.382,65
2021-11-01 01:00:00,7.362,58
2021-11-02 01:00:00,7.674,56
2021-11-03 01:00:00,7.698,50
2021-11-04 01:00:00,7.375,55
2021-11-05 01:00:00,6.981,50
2021-11-06 01:00:00,7.275,64
2021-11-07 01:00:00,7.399,67
2021-11-08 01:00:00,6.916,64
2021-11-09 01:00:00,7.235,53
2021-11-10 01:00:00,7.276,61
2021-11-11 01:00:00,7.522,62
2021-11-12 01:00:00,8.39,54
2021-11-13 01:00:00,8.361,55
2021-11-14 01:00:00,8.485,29
2021-11-15 01:00:00,8.102,63
2021-11-16 01:00:00,7.885,51
2021-11-17 01:00:00,7.971,44
2021-11-18 01:00:00,8.073,45
2021-11-19 01:00:00,7.704,45
2021-11-20 01:00:00,8.127,45
2021-11-21 01:00:00,7.813,60
2021-11-22 01:00:00,8.103,50
2021-11-23 01:00:00,7.791,48
2021-11-24 01:00:00,7.725,50
2021-11-25 01:00:00,7.461,45
2021-11-26 01:00:00,7.545,50
2021-11-27 01:00:00,7.277,57
2021-11-28 01:00:00,7.327,69
2021-11-29 01:00:00,7.639,55
2021-11-30 01:00:00,7.533,80
2021-12-01 01:00:00,7.273,52
2021-12-02 01:00:00,7.511,35
2021-12-03 01:00:00,7.638,59
2021-12-04 01:00:00,7.395,41
2021-12-05 01:00:00,7.734,48
2021-12-06 01:00:00,7.781,56
2021-12-07 01:00:00,7.744,52
2021-12-08 01:00:00,8.071,64
2021-12-09 01:00:00,7.976,48
2021-12-10 01:00:00,8.156,60
2021-12-11 01:00:00,8.2,47
2021-12-12 01:00:00,7.781,55
2021-12-13 01:00:00,7.898,51
2021-12-14 01:00:00,7.774,44
2021-12-15 01:00:00,7.38,42
2021-12-16 01:00:00,7.624,46
2021-12-17 01:00:00,7.369,51
2021-12-18 01:00:00,7.386,47
2021-12-19 01:00:00,7.681,68
2021-12-20 01:00:00,7.701,59
2021-12-21 01:00:00,7.695,52
2021-12-22 01:00:00,7.81,36
2021-12-23 01:00:00,7.507,52
2021-12-24 01:00:00,7.799,46
2021-12-25 01:00:00,8.245,61
2021-12-26 01:00:00,8.001,54
2021-12-27 01:00:00,8.462,54
2021-12-28 01:00:00,8.175,56
2021-12-29 01:00:00,7.817,54
2021-12-30 01:00:00,8.063,66
2021-12-31 01:00:00,7.808,49
2022-01-01 01:00:00,8.328,53
2022-01-02 01:00:00,8.273,67
2022-01-03 01:00:00,8.271,64
2022-01-04 01:00:00,8.145,55
2022-01-05 01:00:00,7.978,51
2022-01-06 01:00:00,8.202,55
2022-01-07 01:00:00,8.202,54
2022-01-08 01:00:00,8.169,74
2022-01-09 01:00:00,8.178,62
2022-01-10 01:00:00,8.297,48
2022-01-11 01:00:00,7.779,52
2022-01-12 01:00:00,7.94,62
2022-01-13 01:00:00,7.878,72
2022-01-14 01:00:00,8.008,57
2022-01-15 01:00:00,7.699,65
2022-01-16 01:00:00,7.809,59
2022-01-17 01:00:00,7.852,60
2022-01-18 01:00:00,7.938,46
2022-01-19 01:00:00,7.968,55
2022-01-20 01:00:00,7.735,38
2022-01-21 01:00:00,7.681,79
2022-01-22 01:00:00,7.908,77
2022-01-23 01:00:00,7.67,73
2022-01-24 01:00:00,8.048,59
2022-01-25 01:00:00,7.764,61
2022-01-26 01:00:00,7.506,68
2022-01-27 01:00:00,7.558,68
2022-01-28 01:00:00,7.348,79
2022-01-29 01:00:00,7.337,70
2022-01-30 01:00:00,7.412,79
2022-01-31 01:00:00,7.456,67
2022-02-01 01:00:00,7.522,63
2022-02-02 01:00:00,7.663,61
2022-02-03 01:00:00,7.636,60
2022-02-04 01:00:00,7.496,55
2022-02-05 01:00:00,7.92,73
2022-02-06 01:00:00,7.778,80
2022-02-07 01:00:00,7.712,60
2022-02-08 01:00:00,7.636,63
2022-02-09 01:00:00,7.484,68
2022-02-10 01:00:00,7.36,56
2022-02-11 01:00:00,7.496,64
2022-02-12 01:00:00,7.52,77
2022-02-13 01:00:00,7.416,67
2022-02-14 01:00:00,7.377,57
2022-02-15 01:00:00,7.551,59
2022-02-16 01:00:00,7.344,64
2022-02-17 01:00:00,7.548,56
2022-02-18 01:00:00,7.461,57
2022-02-19 01:00:00,7.492,73
2022-02-20 01:00:00,7.506,68
2022-02-21 01:00:00,7.543,50
2022-02-22 01:00:00,7.461,58
2022-02-23 01:00:00,7.571,53
2022-02-24 01:00:00,7.553,54
2022-02-25 01:00:00,7.591,54
2022-02-26 01:00:00,7.522,64
2022-02-27 01:00:00,7.463,55
2022-02-28 01:00:00,7.038,66
2022-03-01 01:00:00,7.173,73
2022-03-02 01:00:00,7.042,70
2022-03-03 01:00:00,7.027,77
2022-03-04 01:00:00,6.966,74
2022-03-05 01:00:00,7.013,84
2022-03-06 01:00:00,7.019,64
2022-03-07 01:00:00,6.722,62
2022-03-08 01:00:00,6.775,83
2022-03-09 01:00:00,6.45,62
2022-03-10 01:00:00,6.317,73
2022-03-11 01:00:00,6.523,68
2022-03-12 01:00:00,6.628,85
2022-03-13 01:00:00,6.653,67
2022-03-14 01:00:00,6.85,61
2022-03-15 01:00:00,7.033,57
2022-03-16 01:00:00,6.677,66
2022-03-17 01:00:00,6.582,55
2022-03-18 01:00:00,6.656,78
2022-03-19 01:00:00,6.383,80
2022-03-20 01:00:00,6.721,61
2022-03-21 01:00:00,6.588,63
2022-03-22 01:00:00,6.698,52
2022-03-23 01:00:00,6.522,74
2022-03-24 01:00:00,6.623,89
2022-03-25 01:00:00,6.74,76
2022-03-26 01:00:00,6.476,66
2022-03-27 01:00:00,6.419,79
2022-03-28 01:00:00,6.677,57
2022-03-29 01:00:00,6.518,63
2022-03-30 01:00:00,6.584,74
2022-03-31 01:00:00,6.562,65
2022-04-01 01:00:00,6.441,60
2022-04-02 01:00:00,6.525,70
2022-04-03 01:00:00,6.457,74
2022-04-04 01:00:00,6.513,49
2022-04-05 01:00:00,6.597,62
2022-04-06 01:00:00,6.614,63
2022-04-07 01:00:00,6.534,65
2022-04-08 01:00:00,6.36,74
2022-04-09 01:00:00,6.542,66
2022-04-10 01:00:00,6.687,86
2022-04-11 01:00:00,6.318,61
2022-04-12 01:00:00,6.54,73
2022-04-13 01:00:00,6.379,64
2022-04-14 01:00:00,6.476,79
2022-04-15 01:00:00,6.702,79
2022-04-16 01:00:00,6.463,65
2022-04-17 01:00:00,6.528,59
2022-04-18 01:00:00,6.433,57
2022-04-19 01:00:00,6.308,78
2022-04-20 01:00:00,6.258,57
2022-04-21 01:00:00,6.166,53
2022-04-22 01:00:00,6.398,76
2022-04-23 01:00:00,6.256,69
2022-04-24 01:00:00,6.546,71
2022-04-25 01:00:00,6.458,56
2022-04-26 01:00:00,6.337,58
2022-04-27 01:00:00,6.31,68
2022-04-28 01:00:00,6.181,54
2022-04-29 01:00:00,6.058,76
2022-04-30 01:00:00,6.091,80
2022-05-01 01:00:00,5.82,62
2022-05-02 01:00:00,5.926,65
2022-05-03 01:00:00,5.882,51
2022-05-04 01:00:00,5.745,161
2022-05-05 01:00:00,5.62,75
2022-05-06 01:00:00,5.474,75
2022-05-07 01:00:00,5.598,78
2022-05-08 01:00:00,5.612,71
2022-05-09 01:00:00,5.498,67
2022-05-10 01:00:00,5.586,61
2022-05-11 01:00:00,5.626,65
2022-05-12 01:00:00,5.696,69
2022-05-13 01:00:00,5.656,74
2022-05-14 01:00:00,5.782,71
2022-05-15 01:00:00,5.739,68
2022-05-16 01:00:00,5.55,63
2022-05-17 01:00:00,5.46,69
2022-05-18 01:00:00,5.58,65
2022-05-19 01:00:00,5.599,60
2022-05-20 01:00:00,5.789,55
2022-05-21 01:00:00,5.652,65
2022-05-22 01:00:00,5.426,81
2022-05-23 01:00:00,5.536,52
2022-05-24 01:00:00,5.259,75
2022-05-25 01:00:00,5.442,75
2022-05-26 01:00:00,5.387,90
2022-05-27 01:00:00,5.36,69
2022-05-28 01:00:00,5.15,72
2022-05-29 01:00:00,5.373,76
2022-05-30 01:00:00,5.2,57
2022-05-31 01:00:00,5.09,55
2022-06-01 01:00:00,5.328,94
2022-06-02 01:00:00,5.216,68
2022-06-03 01:00:00,5.224,100
2022-06-04 01:00:00,5.018,71
2022-06-05 01:00:00,5.235,83
2022-06-06 01:00:00,5.397,64
2022-06-07 01:00:00,5.445,67
2022-06-08 01:00:00,5.232,73
2022-06-09 01:00:00,5.302,59
2022-06-10 01:00:00,5.496,66
2022-06-11 01:00:00,5.119,73
2022-06-12 01:00:00,5.274,78
2022-06-13 01:00:00,5.13,81
2022-06-14 01:00:00,5.289,69
2022-06-15 01:00:00,4.899,63
2022-06-16 01:00:00,5.096,76
2022-06-17 01:00:00,5.082,77
2022-06-18 01:00:00,5.01,73
2022-06-19 01:00:00,5.119,71
2022-06-20 01:00:00,4.958,65
2022-06-21 01:00:00,4.882,71
2022-06-22 01:00:00,4.769,65
2022-06-23 01:00:00,4.91,74
2022-06-24 01:00:00,4.733,74
2022-06-25 01:00:00,4.958,83
2022-06-26 01:00:00,4.802,77
2022-06-27 01:00:00,4.767,59
2022-06-28 01:00:00,4.79,75
2022-06-29 01:00:00,4.726,72
2022-06-30 01:00:00,4.786,67
2022-07-01 01:00:00,4.695,72
2022-07-02 01:00:00,4.791,105
2022-07-03 01:00:00,4.878,102
2022-07-04 01:00:00,4.984,64
2022-07-05 01:00:00,4.885,84
2022-07-06 01:00:00,4.843,100
2022-07-07 01:00:00,4.835,81
2022-07-08 01:00:00,4.803,85
2022-07-09 01:00:00,4.884,73
2022-07-10 01:00:00,5.092,84
2022-07-11 01:00:00,4.961,86
2022-07-12 01:00:00,5.04,79
2022-07-13 01:00:00,5.264,52
2022-07-14 01:00:00,4.916,73
2022-07-15 01:00:00,5.003,65
2022-07-16 01:00:00,5.011,82
2022-07-17 01:00:00,4.842,90
2022-07-18 01:00:00,5.053,74
2022-07-19 01:00:00,4.985,99
2022-07-20 01:00:00,5.151,52
2022-07-21 01:00:00,4.894,87
2022-07-22 01:00:00,5.228,78
2022-07-23 01:00:00,4.988,76
2022-07-24 01:00:00,5.017,89
2022-07-25 01:00:00,5.155,72
2022-07-26 01:00:00,4.998,81
2022-07-27 01:00:00,4.962,66
2022-07-28 01:00:00,5.071,74
2022-07-29 01:00:00,5.013,67
2022-07-30 01:00:00,4.934,84
2022-07-31 01:00:00,4.867,88
2022-08-01 01:00:00,5.161,84
2022-08-02 01:00:00,4.991,80
2022-08-03 01:00:00,5.12,73
2022-08-04 01:00:00,5.158,73
2022-08-05 01:00:00,5.052,60
2022-08-06 01:00:00,5.065,73
2022-08-07 01:00:00,5.052,96
2022-08-08 01:00:00,4.959,92
2022-08-09 01:00:00,5.234,51
2022-08-10 01:00:00,4.864,106
2022-08-11 01:00:00,5.059,83
2022-08-12 01:00:00,4.953,81
2022-08-13 01:00:00,4.879,75
2022-08-14 01:00:00,4.942,88
2022-08-15 01:00:00,4.914,64
2022-08-16 01:00:00,5.036,89
2022-08-17 01:00:00,4.923,103
2022-08-18 01:00:00,4.972,91
2022-08-19 01:00:00,5.056,79
2022-08-20 01:00:00,5.005,71
2022-08-21 01:00:00,5.192,87
2022-08-22 01:00:00,5.118,70
2022-08-23 01:00:00,5.121,73
2022-08-24 01:00:00,4.849,87
2022-08-25 01:00:00,5.084,78
2022-08-26 01:00:00,5.092,74
2022-08-27 01:00:00,4.997,76
2022-08-28 01:00:00,5.082,80
2022-08-29 01:00:00,5.175,77
2022-08-30 01:00:00,5.124,73
2022-08-31 01:00:00,4.932,86
2022-09-01 01:00:00,5.077,81
2022-09-02 01:00:00,5.041,91
2022-09-03 01:00:00,5.036,82
2022-09-04 01:00:00,5.151,69
2022-09-05 01:00:00,5.351,78
2022-09-06 01:00:00,5.28,65
2022-09-07 01:00:00,5.225,87
2022-09-08 01:00:00,5.308,84
2022-09-09 01:00:00,5.087,89
2022-09-10 01:00:00,5.132,90
2022-09-11 01:00:00,5.113,89
2022-09-12 01:00:00,5.109,61
2022-09-13 01:00:00,4.956,64
2022-09-14 01:00:00,4.898,89
2022-09-15 01:00:00,5.043,72
2022-09-16 01:00:00,4.962,81
2022-09-17 01:00:00,4.838,107
2022-09-18 01:00:00,4.753,89
2022-09-19 01:00:00,4.905,84
2022-09-20 01:00:00,4.816,71
2022-09-21 01:00:00,4.695,73
2022-09-22 01:00:00,4.69,68
2022-09-23 01:00:00,4.67,89
2022-09-24 01:00:00,4.708,84
2022-09-25 01:00:00,4.921,87
2022-09-26 01:00:00,4.81,70
2022-09-27 01:00:00,4.591,77
2022-09-28 01:00:00,4.632,62
2022-09-29 01:00:00,4.675,74
2022-09-30 01:00:00,4.614,71
2022-10-01 01:00:00,4.521,81
2022-10-02 01:00:00,4.594,99
2022-10-03 01:00:00,4.693,80
2022-10-04 01:00:00,4.661,55
2022-10-05 01:00:00,4.683,79
2022-10-06 01:00:00,4.754,70
2022-10-07 01:00:00,4.764,84
2022-10-08 01:00:00,5.095,69
2022-10-09 01:00:00,4.932,85
2022-10-10 01:00:00,4.969,69
2022-10-11 01:00:00,4.877,54
2022-10-12 01:00:00,4.887,45
2022-10-13 01:00:00,4.881,79
2022-10-14 01:00:00,4.607,51
2022-10-15 01:00:00,4.802,92
2022-10-16 01:00:00,4.788,73
2022-10-17 01:00:00,4.825,65
2022-10-18 01:00:00,4.834,77
2022-10-19 01:00:00,4.792,52
2022-10-20 01:00:00,4.869,54
2022-10-21 01:00:00,4.799,70
2022-10-22 01:00:00,4.51,111
2022-10-23 01:00:00,4.466,78
2022-10-24 01:00:00,4.482,79
2022-10-25 01:00:00,4.359,63
2022-10-26 01:00:00,4.411,83
2022-10-27 01:00:00,4.341,70
2022-10-28 01:00:00,4.329,61
2022-10-29 01:00:00,4.286,79
2022-10-30 01:00:00,4.338,55
2022-10-31 01:00:00,4.341,80
2022-11-01 01:00:00,4.384,59
2022-11-02 01:00:00,4.379,59
2022-11-03 01:00:00,4.369,62
2022-11-04 01:00:00,4.324,71
2022-11-05 01:00:00,4.38,71
2022-11-06 01:00:00,4.34,93
2022-11-07 01:00:00,4.388,66
2022-11-08 01:00:00,4.489,66
2022-11-09 01:00:00,4.462,59
2022-11-10 01:00:00,4.656,63
2022-11-11 01:00:00,4.797,73
2022-11-12 01:00:00,4.677,80
2022-11-13 01:00:00,4.826,69
2022-11-14 01:00:00,4.776,69
2022-11-15 01:00:00,4.619,76
2022-11-16 01:00:00,4.549,61
2022-11-17 01:00:00,4.669,62
2022-11-18 01:00:00,4.559,61
2022-11-19 01:00:00,4.292,104
2022-11-20 01:00:00,4.343,85
2022-11-21 01:00:00,4.496,63
2022-11-22 01:00:00,4.231,72
2022-11-23 01:00:00,3.967,94
2022-11-24 01:00:00,3.949,64
2022-11-25 01:00:00,3.828,89
2022-11-26 01:00:00,3.894,84
2022-11-27 01:00:00,3.862,86
2022-11-28 01:00:00,3.846,78
2022-11-29 01:00:00,3.839,74
2022-11-30 01:00:00,4.007,70
2022-12-01 01:00:00,4.031,59
2022-12-02 01:00:00,4.24,49
2022-12-03 01:00:00,4.454,75
2022-12-04 01:00:00,4.438,73
2022-12-05 01:00:00,4.255,74
2022-12-06 01:00:00,4.249,63
2022-12-07 01:00:00,4.224,63
2022-12-08 01:00:00,4.569,66
2022-12-09 01:00:00,4.471,52
2022-12-10 01:00:00,4.492,65
2022-12-11 01:00:00,4.447,79
2022-12-12 01:00:00,4.378,68
2022-12-13 01:00:00,4.194,59
2022-12-14 01:00:00,4.26,70
2022-12-15 01:00:00,4.354,69
2022-12-16 01:00:00,4.505,67
2022-12-17 01:00:00,4.323,76
2022-12-18 01:00:00,4.189,67
2022-12-19 01:00:00,4.506,59
2022-12-20 01:00:00,4.589,53
2022-12-21 01:00:00,4.57,65
2022-12-22 01:00:00,4.534,75
2022-12-23 01:00:00,4.557,71
2022-12-24 01:00:00,4.601,99
2022-12-25 01:00:00,4.509,75
2022-12-26 01:00:00,4.398,78
2022-12-27 01:00:00,4.514,68
2022-12-28 01:00:00,4.406,77
2022-12-29 01:00:00,4.428,91
2022-12-30 01:00:00,4.545,77
2022-12-31 01:00:00,4.36,65
2023-01-01 01:00:00,4.589,67
2023-01-02 01:00:00,4.557,72
2023-01-03 01:00:00,4.5,82
2023-01-04 01:00:00,4.526,70
2023-01-05 01:00:00,4.576,93
2023-01-06 01:00:00,4.778,71
2023-01-07 01:00:00,4.953,67
2023-01-08 01:00:00,4.917,73
2023-01-09 01:00:00,4.852,62
2023-01-10 01:00:00,4.967,65
2023-01-11 01:00:00,4.721,61
2023-01-12 01:00:00,4.695,64
2023-01-13 01:00:00,4.598,93
2023-01-14 01:00:00,4.986,91
2023-01-15 01:00:00,5.048,73
2023-01-16 01:00:00,5.089,67
2023-01-17 01:00:00,5.24,63
2023-01-18 01:00:00,5.067,72
2023-01-19 01:00:00,4.95,68
2023-01-20 01:00:00,5.244,72
2023-01-21 01:00:00,5.324,71
2023-01-22 01:00:00,5.129,92
2023-01-23 01:00:00,5.3,60
2023-01-24 01:00:00,5.244,61
2023-01-25 01:00:00,5.309,63
2023-01-26 01:00:00,5.32,74
2023-01-27 01:00:00,5.515,68
2023-01-28 01:00:00,5.491,79
2023-01-29 01:00:00,5.393,71
2023-01-30 01:00:00,5.574,55
2023-01-31 01:00:00,5.498,84
2023-02-01 01:00:00,5.638,64
2023-02-02 01:00:00,5.552,71
2023-02-03 01:00:00,5.691,82
2023-02-04 01:00:00,5.411,74
2023-02-05 01:00:00,5.467,87
2023-02-06 01:00:00,5.608,75
2023-02-07 01:00:00,5.185,64
2023-02-08 01:00:00,5.173,85
2023-02-09 01:00:00,5.239,78
2023-02-10 01:00:00,5.099,109
2023-02-11 01:00:00,5.31,135
2023-02-12 01:00:00,5.265,101
2023-02-13 01:00:00,5.38,102
2023-02-14 01:00:00,5.407,103
2023-02-15 01:00:00,5.321,108
2023-02-16 01:00:00,5.531,106
2023-02-17 01:00:00,5.156,99
2023-02-18 01:00:00,5.288,96
2023-02-19 01:00:00,5.379,111
2023-02-20 01:00:00,5.228,80
2023-02-21 01:00:00,5.189,92
2023-02-22 01:00:00,5.222,88
2023-02-23 01:00:00,5.16,88
2023-02-24 01:00:00,5.118,97
2023-02-25 01:00:00,4.93,111
2023-02-26 01:00:00,4.928,118
2023-02-27 01:00:00,4.874,105
2023-02-28 01:00:00,4.986,103
2023-03-01 01:00:00,4.986,103
2023-03-02 01:00:00,5.096,93
2023-03-03 01:00:00,5.074,110
2023-03-04 01:00:00,5.15,127
2023-03-05 01:00:00,5.169,125
2023-03-06 01:00:00,5.076,84
2023-03-07 01:00:00,5.309,93
2023-03-08 01:00:00,5.535,92
2023-03-09 01:00:00,5.406,105
2023-03-10 01:00:00,5.344,111
2023-03-11 01:00:00,5.174,113
2023-03-12 01:00:00,5.376,123
2023-03-13 01:00:00,5.398,101
2023-03-14 01:00:00,5.28,124
2023-03-15 01:00:00,5.365,99
2023-03-16 01:00:00,5.326,96
2023-03-17 01:00:00,5.087,115
2023-03-18 01:00:00,5.102,145
2023-03-19 01:00:00,5.068,124
2023-03-20 01:00:00,5.101,113
2023-03-21 01:00:00,5.175,115
2023-03-22 01:00:00,5.065,128
2023-03-23 01:00:00,5.231,141
2023-03-24 01:00:00,5.433,139
2023-03-25 01:00:00,5.44,175
2023-03-26 01:00:00,5.552,205
2023-03-27 01:00:00,5.513,168
2023-03-28 01:00:00,5.731,147
2023-03-29 01:00:00,5.903,158
2023-03-30 01:00:00,5.957,150
2023-03-31 01:00:00,5.69,126
2023-04-01 01:00:00,5.957,169
2023-04-02 01:00:00,6.151,184
2023-04-03 01:00:00,6.054,158
2023-04-04 01:00:00,5.895,143
2023-04-05 01:00:00,5.787,163
2023-04-06 01:00:00,5.781,157
2023-04-07 01:00:00,5.918,152
2023-04-08 01:00:00,5.892,146
2023-04-09 01:00:00,6.054,170
2023-04-10 01:00:00,5.921,159
2023-04-11 01:00:00,6.256,134
2023-04-12 01:00:00,6.308,141
2023-04-13 01:00:00,6.049,169
2023-04-14 01:00:00,5.967,136
2023-04-15 01:00:00,6.322,159
2023-04-16 01:00:00,6.199,138
2023-04-17 01:00:00,6.217,147
2023-04-18 01:00:00,6.306,117
2023-04-19 01:00:00,6.084,131
2023-04-20 01:00:00,6.339,188
2023-04-21 01:00:00,6.458,186
2023-04-22 01:00:00,6.276,187
2023-04-23 01:00:00,6.182,190
2023-04-24 01:00:00,6.035,158
2023-04-25 01:00:00,5.438,217
2023-04-26 01:00:00,5.477,173
2023-04-27 01:00:00,5.527,144
2023-04-28 01:00:00,5.512,177
2023-04-29 01:00:00,5.547,174
2023-04-30 01:00:00,5.486,173
2023-05-01 01:00:00,5.663,150
2023-05-02 01:00:00,5.356,138
2023-05-03 01:00:00,5.419,143
2023-05-04 01:00:00,5.496,137
2023-05-05 01:00:00,5.018,242
2023-05-06 01:00:00,5.299,158
2023-05-07 01:00:00,5.101,175
2023-05-08 01:00:00,5.173,162
2023-05-09 01:00:00,5.006,126
2023-05-10 01:00:00,5.152,149
2023-05-11 01:00:00,5.078,132
2023-05-12 01:00:00,5.101,117
2023-05-13 01:00:00,5.083,159
2023-05-14 01:00:00,5.076,169
2023-05-15 01:00:00,5.05,128
2023-05-16 01:00:00,5.007,113
2023-05-17 01:00:00,4.985,112
2023-05-18 01:00:00,4.938,135
2023-05-19 01:00:00,5.043,125
2023-05-20 01:00:00,5.05,145
2023-05-21 01:00:00,4.958,144
2023-05-22 01:00:00,4.956,124
2023-05-23 01:00:00,5.04,145
2023-05-24 01:00:00,5.035,122
2023-05-25 01:00:00,5.091,117
2023-05-26 01:00:00,5.214,124
2023-05-27 01:00:00,4.984,130
2023-05-28 01:00:00,5.114,139
2023-05-29 01:00:00,5.006,124
2023-05-30 01:00:00,5.042,128
2023-05-31 01:00:00,4.987,127
2023-06-01 01:00:00,4.877,126
2023-06-02 01:00:00,4.874,114
2023-06-03 01:00:00,5.042,129
2023-06-04 01:00:00,5.149,140
2023-06-05 01:00:00,4.948,95
2023-06-06 01:00:00,4.911,97
2023-06-07 01:00:00,4.95,125
2023-06-08 01:00:00,4.96,111
2023-06-09 01:00:00,5.169,96
2023-06-10 01:00:00,4.747,130
2023-06-11 01:00:00,4.88,117
2023-06-12 01:00:00,5.009,106
2023-06-13 01:00:00,4.995,104
2023-06-14 01:00:00,5.103,118
2023-06-15 01:00:00,4.797,112
2023-06-16 01:00:00,4.92,91
2023-06-17 01:00:00,4.9,115
2023-06-18 01:00:00,4.741,122
2023-06-19 01:00:00,4.772,132
2023-06-20 01:00:00,4.815,149
2023-06-21 01:00:00,4.814,106
2023-06-22 01:00:00,4.985,89
2023-06-23 01:00:00,4.575,148
2023-06-24 01:00:00,4.536,153
2023-06-25 01:00:00,4.645,142
2023-06-26 01:00:00,4.548,112
2023-06-27 01:00:00,4.22,133
2023-06-28 01:00:00,4.073,163
2023-06-29 01:00:00,4.197,145
2023-06-30 01:00:00,3.765,169
2023-07-01 01:00:00,3.561,146
2023-07-02 01:00:00,3.573,139
2023-07-03 01:00:00,3.57,158
2023-07-04 01:00:00,3.201,92
2023-07-05 01:00:00,3.808,118
2023-07-06 01:00:00,3.529,113
2023-07-07 01:00:00,4.058,107
2023-07-08 01:00:00,3.99,84
2023-07-09 01:00:00,4.065,91
2023-07-10 01:00:00,4.436,66
2023-07-11 01:00:00,3.974,92
2023-07-12 01:00:00,3.58,155
2023-07-13 01:00:00,3.601,168
2023-07-14 01:00:00,3.723,131
2023-07-15 01:00:00,3.856,120
2023-07-16 01:00:00,4.082,110
2023-07-17 01:00:00,4.038,105
2023-07-18 01:00:00,3.852,111
2023-07-19 01:00:00,3.943,116
2023-07-20 01:00:00,3.865,111
2023-07-21 01:00:00,4.064,109
2023-07-22 01:00:00,3.863,114
2023-07-23 01:00:00,4.058,139
2023-07-24 01:00:00,3.878,133
2023-07-25 01:00:00,4.079,153
2023-07-26 01:00:00,4.049,122
2023-07-27 01:00:00,3.72,107
2023-07-28 01:00:00,4.246,119
2023-07-29 01:00:00,4.148,137
2023-07-30 01:00:00,4.035,141
2023-07-31 01:00:00,4.094,122
2023-08-01 01:00:00,4.5,104
2023-08-02 01:00:00,4.079,109
2023-08-03 01:00:00,3.86,124
2023-08-04 01:00:00,4.081,111
2023-08-05 01:00:00,3.891,141
2023-08-06 01:00:00,4.067,126
2023-08-07 01:00:00,4.043,127
2023-08-08 01:00:00,3.874,109
2023-08-09 01:00:00,3.776,133
2023-08-10 01:00:00,4.121,131
2023-08-11 01:00:00,4.027,113
2023-08-12 01:00:00,4.22,91
2023-08-13 01:00:00,4.303,137
2023-08-14 01:00:00,3.973,101
2023-08-15 01:00:00,4.286,88
2023-08-16 01:00:00,4.278,110
2023-08-17 01:00:00,4.036,124
2023-08-18 01:00:00,4.407,93
2023-08-19 01:00:00,4.063,107
2023-08-20 01:00:00,4.096,140
2023-08-21 01:00:00,3.945,103
2023-08-22 01:00:00,4.269,100
2023-08-23 01:00:00,4.121,117
2023-08-24 01:00:00,4.307,105
2023-08-25 01:00:00,4.134,87
2023-08-26 01:00:00,4.055,129
2023-08-27 01:00:00,4.009,110
2023-08-28 01:00:00,4.156,102
2023-08-29 01:00:00,3.864,85
2023-08-30 01:00:00,4.04,93
2023-08-31 01:00:00,4.089,116
2023-09-01 01:00:00,4.349,127
2023-09-02 01:00:00,4.442,144
2023-09-03 01:00:00,4.636,128
2023-09-04 01:00:00,4.828,110
2023-09-05 01:00:00,4.759,90
2023-09-06 01:00:00,4.796,96
2023-09-07 01:00:00,4.836,97
2023-09-08 01:00:00,4.835,93
2023-09-09 01:00:00,4.829,114
2023-09-10 01:00:00,5.056,103
2023-09-11 01:00:00,5.015,103
2023-09-12 01:00:00,4.94,95
2023-09-13 01:00:00,4.741,107
2023-09-14 01:00:00,4.928,107
2023-09-15 01:00:00,4.916,105
2023-09-16 01:00:00,4.986,108
2023-09-17 01:00:00,4.798,89
2023-09-18 01:00:00,4.824,75
2023-09-19 01:00:00,4.995,80
2023-09-20 01:00:00,4.861,82
2023-09-21 01:00:00,4.745,78
2023-09-22 01:00:00,4.973,79
2023-09-23 01:00:00,4.916,94
2023-09-24 01:00:00,4.754,79
2023-09-25 01:00:00,4.979,83
2023-09-26 01:00:00,4.881,73
2023-09-27 01:00:00,4.94,97
2023-09-28 01:00:00,4.926,157
2023-09-29 01:00:00,5.055,134
2023-09-30 01:00:00,5.085,164
2023-10-01 01:00:00,5.243,182
2023-10-02 01:00:00,5.363,153
2023-10-03 01:00:00,5.515,152
2023-10-04 01:00:00,5.611,131
2023-10-05 01:00:00,5.62,136
2023-10-06 01:00:00,5.522,127
2023-10-07 01:00:00,5.597,154
2023-10-08 01:00:00,5.622,155
2023-10-09 01:00:00,5.656,127
2023-10-10 01:00:00,5.677,125
2023-10-11 01:00:00,5.585,127
2023-10-12 01:00:00,5.7,129
2023-10-13 01:00:00,5.572,150
2023-10-14 01:00:00,5.52,149
2023-10-15 01:00:00,5.619,150
2023-10-16 01:00:00,5.618,111
2023-10-17 01:00:00,5.638,130
2023-10-18 01:00:00,5.514,119
2023-10-19 01:00:00,5.402,116
2023-10-20 01:00:00,5.391,129
2023-10-21 01:00:00,5.33,126
2023-10-22 01:00:00,5.224,134
2023-10-23 01:00:00,5.26,111
2023-10-24 01:00:00,5.387,89
2023-10-25 01:00:00,5.146,108
2023-10-26 01:00:00,5.18,111
2023-10-27 01:00:00,4.977,129
2023-10-28 01:00:00,5.031,111
2023-10-29 01:00:00,4.899,108
2023-10-30 01:00:00,4.828,133
2023-10-31 01:00:00,4.885,112
2023-11-01 01:00:00,4.694,91
2023-11-02 01:00:00,4.905,96
2023-11-03 01:00:00,5.009,94
2023-11-04 01:00:00,4.964,114
2023-11-05 01:00:00,4.958,102
2023-11-06 01:00:00,4.936,71
2023-11-07 01:00:00,4.972,82
2023-11-08 01:00:00,5.092,108
2023-11-09 01:00:00,5.051,92
2023-11-10 01:00:00,4.908,91
2023-11-11 01:00:00,4.966,97
2023-11-12 01:00:00,4.945,93
2023-11-13 01:00:00,4.805,77
2023-11-14 01:00:00,4.593,66
2023-11-15 01:00:00,4.722,82
2023-11-16 01:00:00,4.447,79
2023-11-17 01:00:00,4.017,88
2023-11-18 01:00:00,4.243,96
2023-11-19 01:00:00,4.299,83
2023-11-20 01:00:00,4.338,78
2023-11-21 01:00:00,4.023,70
2023-11-22 01:00:00,3.802,125
2023-11-23 01:00:00,3.384,116
2023-11-24 01:00:00,3.704,85
2023-11-25 01:00:00,3.896,101
2023-11-26 01:00:00,3.964,98
2023-11-27 01:00:00,3.538,99
2023-11-28 01:00:00,3.948,87
2023-11-29 01:00:00,3.828,76
2023-11-30 01:00:00,3.752,98
2023-12-01 01:00:00,3.373,104
2023-12-02 01:00:00,3.654,81
2023-12-03 01:00:00,3.679,105
2023-12-04 01:00:00,3.901,98
2023-12-05 01:00:00,3.957,92
2023-12-06 01:00:00,4.027,100
2023-12-07 01:00:00,4.171,73
2023-12-08 01:00:00,4.066,88
2023-12-09 01:00:00,3.936,88
2023-12-10 01:00:00,4.21,89
2023-12-11 01:00:00,3.892,73
2023-12-12 01:00:00,4.049,65
2023-12-13 01:00:00,4.086,66
2023-12-14 01:00:00,3.83,87
2023-12-15 01:00:00,3.951,78
2023-12-16 01:00:00,4.033,80
2023-12-17 01:00:00,4.075,81
2023-12-18 01:00:00,4.051,65
2023-12-19 01:00:00,4.109,55
2023-12-20 01:00:00,3.402,89
2023-12-21 01:00:00,3.398,65
2023-12-22 01:00:00,3.851,106
2023-12-23 01:00:00,3.667,97
2023-12-24 01:00:00,3.819,86
2023-12-25 01:00:00,3.47,97
2023-12-26 01:00:00,3.737,73
2023-12-27 01:00:00,3.696,93
2023-12-28 01:00:00,3.492,83
2023-12-29 01:00:00,4.065,74
2023-12-30 01:00:00,3.659,90
2023-12-31 01:00:00,3.048,82
2024-01-01 01:00:00,3.355,79
2024-01-02 01:00:00,3.691,81
2024-01-03 01:00:00,3.868,69
2024-01-04 01:00:00,3.604,88
2024-01-05 01:00:00,3.942,75
2024-01-06 01:00:00,3.607,94
2024-01-07 01:00:00,3.786,98
2024-01-08 01:00:00,4.044,62
2024-01-09 01:00:00,3.898,64
2024-01-10 01:00:00,3.618,67
2024-01-11 01:00:00,3.693,63
2024-01-12 01:00:00,3.621,71
2024-01-13 01:00:00,3.774,81
2024-01-14 01:00:00,3.843,66
2024-01-15 01:00:00,3.78,57
2024-01-16 01:00:00,3.831,68
2024-01-17 01:00:00,3.919,67
2024-01-18 01:00:00,3.852,60
2024-01-19 01:00:00,3.651,75
2024-01-20 01:00:00,3.788,75
2024-01-21 01:00:00,3.871,78
2024-01-22 01:00:00,3.858,79
2024-01-23 01:00:00,3.336,76
2024-01-24 01:00:00,3.304,74
2024-01-25 01:00:00,3.264,97
2024-01-26 01:00:00,3.434,58
2024-01-27 01:00:00,3.617,82
2024-01-28 01:00:00,3.545,79
2024-01-29 01:00:00,3.173,71
2024-01-30 01:00:00,3.429,78
2024-01-31 01:00:00,3.145,72
2024-02-01 01:00:00,3.098,75
2024-02-02 01:00:00,3.729,66
2024-02-03 01:00:00,3.681,81
2024-02-04 01:00:00,3.458,80
2024-02-05 01:00:00,3.253,81
2024-02-06 01:00:00,3.74,59
2024-02-07 01:00:00,3.641,135
2024-02-08 01:00:00,3.867,141
2024-02-09 01:00:00,3.766,130
2024-02-10 01:00:00,3.845,123
2024-02-11 01:00:00,4.012,96
2024-02-12 01:00:00,4.074,85
2024-02-13 01:00:00,3.964,95
2024-02-14 01:00:00,3.913,95
2024-02-15 01:00:00,4.027,114
2024-02-16 01:00:00,4.381,137
2024-02-17 01:00:00,4.245,128
2024-02-18 01:00:00,4.454,98
2024-02-19 01:00:00,4.193,114
2024-02-20 01:00:00,3.054,109
2024-02-21 01:00:00,4.026,124
2024-02-22 01:00:00,4.281,83
2024-02-23 01:00:00,3.918,110
2024-02-24 01:00:00,4.191,96
2024-02-25 01:00:00,3.819,116
2024-02-26 01:00:00,3.857,87
2024-02-27 01:00:00,3.959,88
2024-02-28 01:00:00,4.225,91
2024-02-29 01:00:00,4.418,87
2024-03-01 01:00:00,4.303,107
2024-03-02 01:00:00,4.624,100
2024-03-03 01:00:00,4.834,96
2024-03-04 01:00:00,4.483,76
2024-03-05 01:00:00,4.631,72
2024-03-06 01:00:00,4.764,69
2024-03-07 01:00:00,4.711,78
2024-03-08 01:00:00,4.98,87
2024-03-09 01:00:00,4.94,75
2024-03-10 01:00:00,4.869,71
2024-03-11 01:00:00,4.927,61
2024-03-12 01:00:00,4.844,74
2024-03-13 01:00:00,4.394,89
2024-03-14 01:00:00,4.353,112
2024-03-15 01:00:00,4.108,107
2024-03-16 01:00:00,4.146,122
2024-03-17 01:00:00,4.136,109
2024-03-18 01:00:00,4.122,92
2024-03-19 01:00:00,4.134,85
2024-03-20 01:00:00,4.402,125
2024-03-21 01:00:00,4.28,79
2024-03-22 01:00:00,4.423,72
2024-03-23 01:00:00,4.557,59
2024-03-24 01:00:00,4.599,78
2024-03-25 01:00:00,4.299,57
2024-03-26 01:00:00,4.318,71
2024-03-27 01:00:00,4.329,42
2024-03-28 01:00:00,4.281,54
2024-03-29 01:00:00,4.366,67
2024-03-30 01:00:00,4.33,59
2024-03-31 01:00:00,4.406,59
2024-04-01 01:00:00,4.876,64
2024-04-02 01:00:00,4.928,49
2024-04-03 01:00:00,4.654,60
2024-04-04 01:00:00,5.125,57
2024-04-05 01:00:00,4.708,69
2024-04-06 01:00:00,4.877,54
2024-04-07 01:00:00,5.163,88
2024-04-08 01:00:00,5.053,38
2024-04-09 01:00:00,4.883,38
2024-04-10 01:00:00,5.07,55
2024-04-11 01:00:00,5.131,43
2024-04-12 01:00:00,4.936,59
2024-04-13 01:00:00,4.982,56
2024-04-14 01:00:00,4.774,53
2024-04-15 01:00:00,4.788,51
2024-04-16 01:00:00,4.878,49
2024-04-17 01:00:00,4.804,52
2024-04-18 01:00:00,4.728,61
2024-04-19 01:00:00,4.745,64
2024-04-20 01:00:00,4.835,55
2024-04-21 01:00:00,5.005,81
2024-04-22 01:00:00,5.104,60
2024-04-23 01:00:00,4.935,50
2024-04-24 01:00:00,4.787,48
2024-04-25 01:00:00,4.876,54
2024-04-26 01:00:00,4.863,68
2024-04-27 01:00:00,4.904,66
2024-04-28 01:00:00,4.897,56
2024-04-29 01:00:00,4.947,48
2024-04-30 01:00:00,4.844,51
2024-05-01 01:00:00,4.964,59
2024-05-02 01:00:00,4.946,57
2024-05-03 01:00:00,4.977,56
2024-05-04 01:00:00,4.902,57
2024-05-05 01:00:00,5.193,49
2024-05-06 01:00:00,5.235,47
2024-05-07 01:00:00,5.151,46
2024-05-08 01:00:00,5.04,44
2024-05-09 01:00:00,5.266,45
2024-05-10 01:00:00,5.223,56
2024-05-11 01:00:00,5.153,54
2024-05-12 01:00:00,5.322,53
2024-05-13 01:00:00,5.296,46
2024-05-14 01:00:00,5.305,40
2024-05-15 01:00:00,5.109,45
2024-05-16 01:00:00,5.195,39
2024-05-17 01:00:00,5.193,45
2024-05-18 01:00:00,5.203,53
2024-05-19 01:00:00,5.221,57
2024-05-20 01:00:00,5.243,51
2024-05-21 01:00:00,5.327,38
2024-05-22 01:00:00,5.281,35
2024-05-23 01:00:00,5.038,56
2024-05-24 01:00:00,4.956,52
2024-05-25 01:00:00,4.808,59
2024-05-26 01:00:00,4.822,44
2024-05-27 01:00:00,4.976,54
2024-05-28 01:00:00,4.981,48
2024-05-29 01:00:00,4.865,42
2024-05-30 01:00:00,4.885,48
2024-05-31 01:00:00,4.834,56
2024-06-01 01:00:00,5.047,52
2024-06-02 01:00:00,5.044,54
2024-06-03 01:00:00,5.128,55
2024-06-04 01:00:00,5.224,56
2024-06-05 01:00:00,5.134,49
2024-06-06 01:00:00,5.35,55
2024-06-07 01:00:00,5.169,53
2024-06-08 01:00:00,5.23,58
2024-06-09 01:00:00,5.26,64
2024-06-10 01:00:00,5.215,40
2024-06-11 01:00:00,4.993,45
2024-06-12 01:00:00,5.148,47
2024-06-13 01:00:00,5.065,47
2024-06-14 01:00:00,4.865,39
2024-06-15 01:00:00,4.846,69
2024-06-16 01:00:00,4.864,45
2024-06-17 01:00:00,4.735,43
2024-06-18 01:00:00,4.796,38
2024-06-19 01:00:00,4.741,47
2024-06-20 01:00:00,4.823,50
2024-06-21 01:00:00,4.793,60
2024-06-22 01:00:00,4.78,43
2024-06-23 01:00:00,4.846,49
2024-06-24 01:00:00,4.701,45
2024-06-25 01:00:00,4.817,34
2024-06-26 01:00:00,4.926,45
2024-06-27 01:00:00,4.846,48
2024-06-28 01:00:00,4.52,66
2024-06-29 01:00:00,4.503,62
2024-06-30 01:00:00,4.642,70
2024-07-01 01:00:00,4.786,62
2024-07-02 01:00:00,4.777,54
2024-07-03 01:00:00,4.824,54
2024-07-04 01:00:00,4.649,44
2024-07-05 01:00:00,4.736,60
2024-07-06 01:00:00,4.743,54
2024-07-07 01:00:00,4.806,53
2024-07-08 01:00:00,4.746,57
2024-07-09 01:00:00,4.718,49
2024-07-10 01:00:00,4.693,52
2024-07-11 01:00:00,4.795,48
2024-07-12 01:00:00,4.86,41
2024-07-13 01:00:00,4.925,35
2024-07-14 01:00:00,4.725,53
2024-07-15 01:00:00,4.904,34
2024-07-16 01:00:00,4.811,40
2024-07-17 01:00:00,4.795,47
2024-07-18 01:00:00,4.908,63
2024-07-19 01:00:00,4.931,49
2024-07-20 01:00:00,5.085,46
2024-07-21 01:00:00,5.125,43
2024-07-22 01:00:00,4.94,44
2024-07-23 01:00:00,5.014,32
2024-07-24 01:00:00,4.956,62
2024-07-25 01:00:00,5.11,59
2024-07-26 01:00:00,5.112,45
2024-07-27 01:00:00,5.245,48
2024-07-28 01:00:00,5.18,48
2024-07-29 01:00:00,5.235,40
2024-07-30 01:00:00,5.393,43
2024-07-31 01:00:00,5.325,49
2024-08-01 01:00:00,5.387,58
2024-08-02 01:00:00,5.647,51
2024-08-03 01:00:00,5.602,64
2024-08-04 01:00:00,5.415,48
2024-08-05 01:00:00,5.351,43
2024-08-06 01:00:00,5.407,44
2024-08-07 01:00:00,5.47,44
2024-08-08 01:00:00,5.571,44
2024-08-09 01:00:00,5.77,61
2024-08-10 01:00:00,5.501,51
2024-08-11 01:00:00,5.49,49
2024-08-12 01:00:00,5.431,51
2024-08-13 01:00:00,5.567,34
2024-08-14 01:00:00,5.541,57
2024-08-15 01:00:00,5.657,47
2024-08-16 01:00:00,5.623,40
2024-08-17 01:00:00,5.408,60
2024-08-18 01:00:00,5.27,61
2024-08-19 01:00:00,5.018,53
2024-08-20 01:00:00,5.026,56
2024-08-21 01:00:00,5.112,57
2024-08-22 01:00:00,5.268,46
2024-08-23 01:00:00,5.133,58
2024-08-24 01:00:00,5.079,46
2024-08-25 01:00:00,5.066,50
2024-08-26 01:00:00,5.085,50
2024-08-27 01:00:00,5.393,51
2024-08-28 01:00:00,5.184,51
2024-08-29 01:00:00,5.529,50
2024-08-30 01:00:00,5.411,45
2024-08-31 01:00:00,5.415,37
2024-09-01 01:00:00,5.762,38
2024-09-02 01:00:00,5.567,50
2024-09-03 01:00:00,5.777,40
2024-09-04 01:00:00,5.874,38
2024-09-05 01:00:00,5.615,49
2024-09-06 01:00:00,5.869,48
2024-09-07 01:00:00,5.861,51
2024-09-08 01:00:00,5.655,45
2024-09-09 01:00:00,5.798,41
2024-09-10 01:00:00,5.921,40
2024-09-11 01:00:00,5.739,37
2024-09-12 01:00:00,5.812,31
2024-09-13 01:00:00,5.761,53
2024-09-14 01:00:00,5.919,53
2024-09-15 01:00:00,5.841,50
2024-09-16 01:00:00,5.642,51
2024-09-17 01:00:00,5.691,44
2024-09-18 01:00:00,5.705,60
2024-09-19 01:00:00,5.817,37
2024-09-20 01:00:00,5.744,55
2024-09-21 01:00:00,5.723,54
2024-09-22 01:00:00,5.892,48
2024-09-23 01:00:00,5.942,42
2024-09-24 01:00:00,6.03,29
2024-09-25 01:00:00,5.647,37
2024-09-26 01:00:00,5.834,42
2024-09-27 01:00:00,5.592,58
2024-09-28 01:00:00,5.72,55
2024-09-29 01:00:00,5.68,58
2024-09-30 01:00:00,5.812,45
2024-10-01 01:00:00,6.116,48
2024-10-02 01:00:00,5.787,46
2024-10-03 01:00:00,5.178,118
2024-10-04 01:00:00,5.163,64
2024-10-05 01:00:00,5.2,61
2024-10-06 01:00:00,5.379,50
2024-10-07 01:00:00,5.578,56
2024-10-08 01:00:00,5.699,39
2024-10-09 01:00:00,5.825,32
2024-10-10 01:00:00,5.55,41
2024-10-11 01:00:00,5.486,41
2024-10-12 01:00:00,5.473,52
2024-10-13 01:00:00,5.353,43
2024-10-14 01:00:00,5.542,46
2024-10-15 01:00:00,5.313,45
2024-10-16 01:00:00,5.281,45
2024-10-17 01:00:00,5.333,53
2024-10-18 01:00:00,5.269,54
2024-10-19 01:00:00,5.505,55
2024-10-20 01:00:00,5.51,45
2024-10-21 01:00:00,5.367,43
2024-10-22 01:00:00,5.347,36
2024-10-23 01:00:00,5.092,40
2024-10-24 01:00:00,5.247,38
2024-10-25 01:00:00,5.186,40
2024-10-26 01:00:00,5.2,39
2024-10-27 01:00:00,5.122,43
2024-10-28 01:00:00,4.996,46
2024-10-29 01:00:00,5.246,38
2024-10-30 01:00:00,4.884,54
2024-10-31 01:00:00,4.985,29
2024-11-01 01:00:00,5.003,37
2024-11-02 01:00:00,4.919,34
2024-11-03 01:00:00,4.981,53
2024-11-04 01:00:00,5.308,39
2024-11-05 01:00:00,5.585,26
2024-11-06 01:00:00,5.341,30
2024-11-07 01:00:00,5.41,26
2024-11-08 01:00:00,5.43,36
2024-11-09 01:00:00,5.513,35
2024-11-10 01:00:00,5.668,31
2024-11-11 01:00:00,5.23,41
2024-11-12 01:00:00,5.695,31
2024-11-13 01:00:00,6.126,2
2024-11-13 02:00:00,5.03,1
2024-11-13 04:00:00,5.17,3
2024-11-13 06:00:00,5.248,1
2024-11-13 09:00:00,5.23,1
2024-11-13 10:00:00,5.491,2
2024-11-13 11:00:00,5.321,1
2024-11-13 13:00:00,4.56,1
2024-11-13 15:00:00,5.06,1
2024-11-13 16:00:00,5.0,3
2024-11-13 17:00:00,5.197,4
2024-11-13 18:00:00,5.26,1
2024-11-13 19:00:00,4.873,2
2024-11-13 20:00:00,5.183,4
2024-11-13 21:00:00,5.529,1
2024-11-13 22:00:00,5.865,3
2024-11-13 23:00:00,6.097,1
2024-11-14 00:00:00,5.575,1
2024-11-14 01:00:00,5.854,1
2024-11-14 02:00:00,5.839,1
2024-11-14 04:00:00,5.06,1
2024-11-14 05:00:00,5.48,2
2024-11-14 06:00:00,5.888,1
2024-11-14 07:00:00,5.887,1
2024-11-14 09:00:00,5.797,1
2024-11-14 10:00:00,5.79,2
2024-11-14 12:00:00,5.859,1
2024-11-14 13:00:00,5.06,3
2024-11-14 14:00:00,5.579,4
2024-11-14 15:00:00,5.334,4
2024-11-14 16:00:00,5.377,1
2024-11-14 17:00:00,5.483,10
2024-11-14 18:00:00,5.897,3
2024-11-14 19:00:00,7.025,2
2024-11-14 20:00:00,5.415,3
2024-11-14 21:00:00,5.406,2
2024-11-14 23:00:00,5.06,3
2024-11-15 00:00:00,5.843,1
2024-11-15 03:00:00,5.609,1
2024-11-15 06:00:00,5.412,1
2024-11-15 07:00:00,5.473,1
2024-11-15 08:00:00,5.646,1
2024-11-15 09:00:00,5.523,2
2024-11-15 10:00:00,5.275,2
2024-11-15 11:00:00,5.71,1
2024-11-15 12:00:00,6.023,3
2024-11-15 13:00:00,5.654,1
2024-11-15 14:00:00,5.591,1
2024-11-15 16:00:00,5.591,1
2024-11-15 17:00:00,5.593,1
2024-11-15 18:00:00,5.59,2
2024-11-15 19:00:00,5.729,3
2024-11-15 20:00:00,5.95,7
2024-11-15 21:00:00,5.914,4
2024-11-15 22:00:00,5.962,3
2024-11-15 23:00:00,5.976,2
2024-11-16 00:00:00,5.482,2
2024-11-16 01:00:00,5.69,1
2024-11-16 02:00:00,5.73,2
2024-11-16 04:00:00,5.7,1
2024-11-16 05:00:00,5.862,2
2024-11-16 06:00:00,5.63,2
2024-11-16 07:00:00,6.02,1
2024-11-16 08:00:00,6.032,2
2024-11-16 09:00:00,4.71,1
2024-11-16 10:00:00,5.902,2
2024-11-16 12:00:00,5.889,3
2024-11-16 13:00:00,5.545,2
2024-11-16 14:00:00,5.068,2
2024-11-16 15:00:00,5.69,3
2024-11-16 16:00:00,5.69,3
2024-11-16 17:00:00,6.009,2
2024-11-16 18:00:00,5.995,2
2024-11-16 19:00:00,5.682,4
2024-11-16 20:00:00,6.004,1
2024-11-16 21:00:00,5.91,3
2024-11-16 22:00:00,5.952,2
2024-11-16 23:00:00,5.266,1
2024-11-17 01:00:00,5.166,1
2024-11-17 02:00:00,5.203,2
2024-11-17 03:00:00,5.951,2
2024-11-17 05:00:00,6.01,1
2024-11-17 08:00:00,5.845,2
2024-11-17 09:00:00,5.183,1
2024-11-17 11:00:00,6.325,1
2024-11-17 12:00:00,5.26,3
2024-11-17 13:00:00,5.09,5
2024-11-17 14:00:00,5.552,2
2024-11-17 15:00:00,4.95,3
2024-11-17 16:00:00,4.94,2
2024-11-17 17:00:00,3.732,2
2024-11-17 18:00:00,5.5,2
2024-11-17 19:00:00,5.488,2
2024-11-17 20:00:00,5.56,1
2024-11-17 21:00:00,5.29,5
2024-11-17 22:00:00,5.439,1
2024-11-17 23:00:00,5.456,1
2024-11-18 00:00:00,5.366,2
2024-11-18 01:00:00,5.498,1
2024-11-18 02:00:00,5.57,3
2024-11-18 04:00:00,5.952,2
2024-11-18 05:00:00,5.566,1
2024-11-18 06:00:00,5.572,1
2024-11-18 07:00:00,4.76,1
2024-11-18 08:00:00,5.545,2
2024-11-18 09:00:00,4.975,2
2024-11-18 12:00:00,5.361,1
2024-11-18 14:00:00,5.161,1
2024-11-18 15:00:00,5.12,1
2024-11-18 16:00:00,5.203,5
2024-11-18 17:00:00,5.52,1
2024-11-18 18:00:00,5.186,3
2024-11-18 19:00:00,5.17,5
2024-11-18 20:00:00,5.545,1
2024-11-18 21:00:00,5.115,2
2024-11-18 22:00:00,5.515,3
2024-11-18 23:00:00,5.337,2
2024-11-19 00:00:00,5.532,2
2024-11-19 01:00:00,5.549,1
2024-11-19 04:00:00,5.551,1
2024-11-19 06:00:00,5.391,3
2024-11-19 07:00:00,5.534,1
2024-11-19 08:00:00,5.543,1
2024-11-19 11:00:00,5.248,2
2024-11-19 12:00:00,5.531,1
2024-11-19 13:00:00,5.482,3
2024-11-19 14:00:00,5.538,1
2024-11-19 16:00:00,5.515,2
2024-11-19 17:00:00,5.363,2
2024-11-19 18:00:00,5.15,5
2024-11-19 19:00:00,5.52,3
2024-11-19 20:00:00,5.477,1
2024-11-19 21:00:00,5.49,1
2024-11-19 22:00:00,5.587,2
2024-11-19 23:00:00,3.647,1
2024-11-20 01:00:00,5.167,2
2024-11-20 02:00:00,5.466,1
2024-11-20 04:00:00,5.485,3
2024-11-20 05:00:00,5.55,1
2024-11-20 06:00:00,6.09,1
2024-11-20 08:00:00,5.553,1
2024-11-20 11:00:00,5.474,2
2024-11-20 12:00:00,5.392,1
2024-11-20 13:00:00,5.396,2
2024-11-20 14:00:00,5.506,3
2024-11-20 15:00:00,5.606,4
2024-11-20 16:00:00,5.55,3
2024-11-20 17:00:00,5.34,3
2024-11-20 18:00:00,5.294,3
2024-11-20 19:00:00,5.368,7
2024-11-20 20:00:00,5.43,2
2024-11-20 21:00:00,5.642,4
2024-11-20 22:00:00,5.511,1
2024-11-20 23:00:00,5.269,3
2024-11-21 00:00:00,5.596,3
2024-11-21 01:00:00,5.59,1
2024-11-21 02:00:00,5.59,1
2024-11-21 04:00:00,5.6,1
2024-11-21 05:00:00,9.51,1
2024-11-21 06:00:00,5.654,2
2024-11-21 08:00:00,5.952,1
2024-11-21 09:00:00,5.632,2
2024-11-21 10:00:00,5.996,1
2024-11-21 11:00:00,5.648,3
2024-11-21 12:00:00,5.648,2
2024-11-21 13:00:00,5.429,2
2024-11-21 14:00:00,5.695,4
2024-11-21 15:00:00,5.911,3
2024-11-21 17:00:00,5.911,3
2024-11-21 18:00:00,7.301,2
2024-11-21 19:00:00,5.511,3
2024-11-21 20:00:00,5.764,6
2024-11-21 21:00:00,5.964,3
2024-11-21 23:00:00,5.632,1
2024-11-22 01:00:00,5.352,2
2024-11-22 02:00:00,5.61,4
2024-11-22 04:00:00,5.8,1
2024-11-22 05:00:00,6.053,1
2024-11-22 07:00:00,6.166,2
2024-11-22 08:00:00,5.175,2
2024-11-22 10:00:00,4.99,3
2024-11-22 11:00:00,5.179,3
2024-11-22 12:00:00,5.155,6
2024-11-22 13:00:00,5.122,2
2024-11-22 14:00:00,5.489,4
2024-11-22 15:00:00,6.02,3
2024-11-22 16:00:00,5.284,5
2024-11-22 17:00:00,5.23,1
2024-11-22 18:00:00,5.684,2
2024-11-22 19:00:00,6.016,2
2024-11-22 21:00:00,5.953,2
2024-11-22 22:00:00,5.62,3
2024-11-22 23:00:00,5.936,5
2024-11-23 00:00:00,5.86,2
2024-11-23 01:00:00,5.998,1
2024-11-23 05:00:00,5.45,1
2024-11-23 06:00:00,5.359,1
2024-11-23 07:00:00,5.55,1
2024-11-23 08:00:00,5.502,2
2024-11-23 10:00:00,5.453,4
2024-11-23 11:00:00,5.11,3
2024-11-23 12:00:00,5.374,2
2024-11-23 13:00:00,5.391,3
2024-11-23 14:00:00,4.9,1
2024-11-23 15:00:00,5.454,2
2024-11-23 16:00:00,5.432,4
2024-11-23 17:00:00,5.508,3
2024-11-23 18:00:00,4.688,2
2024-11-23 19:00:00,5.277,1
2024-11-23 20:00:00,5.11,1
2024-11-23 21:00:00,5.505,3
2024-11-23 22:00:00,5.438,2
2024-11-23 23:00:00,5.506,2
2024-11-24 00:00:00,5.49,3
2024-11-24 02:00:00,5.3,1
2024-11-24 03:00:00,5.385,2
2024-11-24 04:00:00,5.21,1
2024-11-24 05:00:00,5.464,2
2024-11-24 06:00:00,5.491,1
2024-11-24 08:00:00,5.5,1
2024-11-24 09:00:00,5.509,2
2024-11-24 10:00:00,5.404,2
2024-11-24 11:00:00,5.168,2
2024-11-24 12:00:00,5.368,4
2024-11-24 13:00:00,4.871,2
2024-11-24 14:00:00,5.487,4
2024-11-24 15:00:00,5.03,3
2024-11-24 16:00:00,5.486,3
2024-11-24 17:00:00,5.502,5
2024-11-24 18:00:00,5.509,3
2024-11-24 19:00:00,5.49,3
2024-11-24 20:00:00,5.463,4
2024-11-24 21:00:00,5.475,1
2024-11-24 22:00:00,5.398,1
2024-11-24 23:00:00,5.452,2
2024-11-25 01:00:00,5.542,3
2024-11-25 02:00:00,5.477,1
2024-11-25 04:00:00,5.014,3
2024-11-25 05:00:00,5.81,1
2024-11-25 06:00:00,5.818,1
2024-11-25 11:00:00,5.47,1
2024-11-25 12:00:00,5.446,1
2024-11-25 13:00:00,4.775,2
2024-11-25 14:00:00,5.422,2
2024-11-25 15:00:00,5.441,2
2024-11-25 16:00:00,5.481,6
2024-11-25 17:00:00,5.475,4
2024-11-25 18:00:00,5.477,4
2024-11-25 19:00:00,5.473,2
2024-11-25 20:00:00,5.567,2
2024-11-25 21:00:00,5.252,4
2024-11-25 22:00:00,5.524,1
2024-11-26 00:00:00,5.52,1
2024-11-26 02:00:00,5.508,1
2024-11-26 03:00:00,5.54,1
2024-11-26 07:00:00,5.554,1
2024-11-26 08:00:00,5.519,1
2024-11-26 10:00:00,5.528,2
2024-11-26 12:00:00,5.812,1
2024-11-26 13:00:00,5.15,3
2024-11-26 14:00:00,5.536,2
2024-11-26 15:00:00,5.543,1
2024-11-26 16:00:00,5.336,2
2024-11-26 17:00:00,5.508,1
2024-11-26 18:00:00,5.46,1
2024-11-26 19:00:00,5.302,1
2024-11-26 20:00:00,5.341,5
2024-11-26 21:00:00,7.771,1
2024-11-26 22:00:00,5.457,1
2024-11-26 23:00:00,5.821,2
2024-11-27 00:00:00,5.435,1
2024-11-27 01:00:00,5.434,1
2024-11-27 02:00:00,5.424,2
2024-11-27 03:00:00,5.525,2
2024-11-27 05:00:00,5.89,1
2024-11-27 06:00:00,5.649,1
2024-11-27 08:00:00,5.499,1
2024-11-27 10:00:00,5.394,3
2024-11-27 13:00:00,5.396,1
2024-11-27 14:00:00,5.325,2
2024-11-27 15:00:00,5.514,2
2024-11-27 16:00:00,5.224,3
2024-11-27 17:00:00,5.291,2
2024-11-27 18:00:00,5.394,1
2024-11-27 19:00:00,5.247,1
2024-11-27 20:00:00,5.25,3
2024-11-27 21:00:00,5.11,3
2024-11-27 23:00:00,5.549,5
2024-11-28 00:00:00,5.169,3
2024-11-28 02:00:00,5.165,4
2024-11-28 03:00:00,5.055,4
2024-11-28 04:00:00,5.055,2
2024-11-28 05:00:00,5.14,2
2024-11-28 06:00:00,5.16,5
2024-11-28 08:00:00,5.171,1
2024-11-28 10:00:00,4.89,3
2024-11-28 11:00:00,4.924,2
2024-11-28 12:00:00,4.8,3
2024-11-28 13:00:00,5.115,3
2024-11-28 14:00:00,4.8,3
2024-11-28 15:00:00,4.888,2
2024-11-28 16:00:00,5.09,1
2024-11-28 17:00:00,4.8,6
2024-11-28 18:00:00,4.812,3
2024-11-28 19:00:00,5.113,4
2024-11-28 20:00:00,4.897,7
2024-11-28 21:00:00,5.123,2
2024-11-28 22:00:00,5.233,2
2024-11-28 23:00:00,5.227,2
2024-11-29 00:00:00,5.117,3
2024-11-29 01:00:00,5.308,1
2024-11-29 02:00:00,4.85,3
2024-11-29 04:00:00,4.949,3
2024-11-29 05:00:00,4.976,2
2024-11-29 08:00:00,4.91,3
2024-11-29 09:00:00,4.882,4
2024-11-29 11:00:00,4.8,1
2024-11-29 12:00:00,5.234,1
2024-11-29 13:00:00,4.863,1
2024-11-29 15:00:00,4.966,4
2024-11-29 16:00:00,4.97,3
2024-11-29 18:00:00,4.41,3
2024-11-29 19:00:00,4.876,3
2024-11-29 20:00:00,4.8,4
2024-11-29 21:00:00,4.854,2
2024-11-29 22:00:00,4.65,1
2024-11-29 23:00:00,4.176,1
2024-11-30 00:00:00,4.83,5
2024-11-30 03:00:00,4.92,5
2024-11-30 04:00:00,4.7,2
2024-11-30 05:00:00,4.8,5
2024-11-30 07:00:00,4.8,3
2024-11-30 09:00:00,4.926,1
2024-11-30 10:00:00,4.71,1
2024-11-30 11:00:00,4.71,1
2024-11-30 12:00:00,4.813,8
2024-11-30 13:00:00,4.905,1
2024-11-30 14:00:00,4.75,3
2024-11-30 15:00:00,4.8,3
2024-11-30 16:00:00,4.9,4
2024-11-30 17:00:00,4.945,3
2024-11-30 18:00:00,4.877,2
2024-11-30 19:00:00,4.863,4
2024-11-30 20:00:00,4.965,3
2024-11-30 21:00:00,4.992,2
2024-11-30 22:00:00,5.0,3
2024-11-30 23:00:00,5.412,1
2024-12-01 00:00:00,5.393,2
2024-12-01 01:00:00,5.243,3
2024-12-01 02:00:00,5.22,1
2024-12-01 03:00:00,5.385,1
2024-12-01 04:00:00,5.06,1
2024-12-01 05:00:00,4.547,2
2024-12-01 06:00:00,5.08,1
2024-12-01 08:00:00,4.916,2
2024-12-01 09:00:00,4.962,3
2024-12-01 10:00:00,5.1,3
2024-12-01 11:00:00,4.8,1
2024-12-01 12:00:00,5.008,4
2024-12-01 13:00:00,5.241,5
2024-12-01 14:00:00,5.243,5
2024-12-01 16:00:00,4.8,1
2024-12-01 17:00:00,4.857,6
2024-12-01 18:00:00,4.916,2
2024-12-01 19:00:00,5.325,2
2024-12-01 20:00:00,5.094,3
2024-12-01 21:00:00,4.83,1
2024-12-01 22:00:00,5.104,2
2024-12-01 23:00:00,4.99,3
2024-12-02 00:00:00,4.933,4
2024-12-02 01:00:00,5.09,1
2024-12-02 02:00:00,5.568,1
2024-12-02 03:00:00,5.31,3
2024-12-02 05:00:00,5.313,1
2024-12-02 06:00:00,5.25,1
2024-12-02 07:00:00,5.381,2
2024-12-02 08:00:00,5.274,1
2024-12-02 11:00:00,5.234,1
2024-12-02 13:00:00,5.289,1
2024-12-02 14:00:00,5.56,3
2024-12-02 15:00:00,5.265,2
2024-12-02 16:00:00,5.56,2
2024-12-02 17:00:00,5.0,1
2024-12-02 18:00:00,5.484,2
2024-12-02 19:00:00,5.412,1
2024-12-02 21:00:00,5.03,5
2024-12-02 22:00:00,5.136,4
2024-12-03 00:00:00,5.019,2
2024-12-03 01:00:00,4.883,2
2024-12-03 03:00:00,5.95,1
2024-12-03 04:00:00,5.403,2
2024-12-03 05:00:00,5.313,1
2024-12-03 06:00:00,4.5,1
2024-12-03 09:00:00,5.428,1
2024-12-03 10:00:00,5.422,1
2024-12-03 11:00:00,5.37,1
2024-12-03 13:00:00,4.92,2
2024-12-03 14:00:00,4.95,3
2024-12-03 16:00:00,5.163,1
2024-12-03 17:00:00,5.139,5
2024-12-03 18:00:00,5.611,1
2024-12-03 19:00:00,5.084,4
2024-12-03 20:00:00,5.317,3
2024-12-03 21:00:00,4.945,2
2024-12-03 23:00:00,4.92,3
2024-12-04 00:00:00,4.919,2
2024-12-04 01:00:00,5.06,1
2024-12-04 02:00:00,5.06,2
2024-12-04 03:00:00,5.06,8
2024-12-04 06:00:00,5.0,1
2024-12-04 07:00:00,5.05,1
2024-12-04 09:00:00,5.06,3
2024-12-04 11:00:00,5.078,2
2024-12-04 12:00:00,4.73,1
2024-12-04 13:00:00,5.026,2
2024-12-04 14:00:00,5.075,4
2024-12-04 15:00:00,5.105,1
2024-12-04 16:00:00,4.96,5
2024-12-04 17:00:00,5.033,2
2024-12-04 18:00:00,5.202,2
2024-12-04 19:00:00,5.252,4
2024-12-04 20:00:00,5.408,1
2024-12-04 21:00:00,5.235,2
2024-12-04 22:00:00,5.362,2
2024-12-05 00:00:00,5.293,2
2024-12-05 01:00:00,5.556,1
2024-12-05 02:00:00,5.47,2
2024-12-05 03:00:00,5.0,1
2024-12-05 05:00:00,5.32,1
2024-12-05 08:00:00,5.902,1
2024-12-05 09:00:00,5.282,2
2024-12-05 10:00:00,5.314,1
2024-12-05 11:00:00,5.08,1
2024-12-05 12:00:00,5.64,2
2024-12-05 13:00:00,5.328,2
2024-12-05 14:00:00,5.592,2
2024-12-05 15:00:00,5.477,2
2024-12-05 16:00:00,5.473,1
2024-12-05 17:00:00,5.451,4
2024-12-05 18:00:00,5.211,2
2024-12-05 19:00:00,5.473,4
2024-12-05 21:00:00,5.623,2
2024-12-05 22:00:00,5.216,2
2024-12-05 23:00:00,5.57,4
2024-12-06 01:00:00,4.505,1
2024-12-06 02:00:00,5.08,1
2024-12-06 03:00:00,5.087,1
2024-12-06 04:00:00,5.11,2
2024-12-06 05:00:00,5.31,1
2024-12-06 06:00:00,5.07,1
2024-12-06 08:00:00,5.293,1
2024-12-06 09:00:00,5.287,1
2024-12-06 10:00:00,5.867,2
2024-12-06 11:00:00,5.08,1
2024-12-06 13:00:00,5.287,1
2024-12-06 14:00:00,5.12,3
2024-12-06 15:00:00,5.313,1
2024-12-06 16:00:00,5.287,2
2024-12-06 17:00:00,5.166,2
2024-12-06 18:00:00,5.302,1
2024-12-06 19:00:00,5.126,2
2024-12-06 21:00:00,5.647,2
2024-12-06 22:00:00,5.58,5
2024-12-06 23:00:00,5.66,2
2024-12-07 01:00:00,5.195,1
2024-12-07 02:00:00,5.727,1
2024-12-07 03:00:00,5.404,1
2024-12-07 04:00:00,5.45,1
2024-12-07 05:00:00,5.621,1
2024-12-07 07:00:00,5.406,1
2024-12-07 08:00:00,5.537,2
2024-12-07 10:00:00,5.1,1
2024-12-07 11:00:00,5.135,4
2024-12-07 12:00:00,5.508,1
2024-12-07 13:00:00,5.557,2
2024-12-07 14:00:00,5.4,1
2024-12-07 15:00:00,5.15,3
2024-12-07 16:00:00,5.378,3
2024-12-07 17:00:00,5.636,6
2024-12-07 18:00:00,5.274,2
2024-12-07 19:00:00,5.28,4
2024-12-07 20:00:00,5.458,4
2024-12-07 21:00:00,5.448,5
2024-12-07 22:00:00,5.75,3
2024-12-07 23:00:00,5.15,1
2024-12-08 01:00:00,5.891,2
2024-12-08 02:00:00,5.882,1
2024-12-08 03:00:00,5.83,2
2024-12-08 06:00:00,5.876,1
2024-12-08 09:00:00,5.274,2
2024-12-08 10:00:00,5.209,2
2024-12-08 11:00:00,4.92,1
2024-12-08 12:00:00,5.815,2
2024-12-08 13:00:00,5.852,3
2024-12-08 14:00:00,5.824,2
2024-12-08 15:00:00,5.803,1
2024-12-08 16:00:00,5.871,4
2024-12-08 17:00:00,5.902,2
2024-12-08 18:00:00,5.782,4
2024-12-08 19:00:00,5.676,1
2024-12-08 20:00:00,5.808,3
2024-12-08 21:00:00,5.923,2
2024-12-08 22:00:00,5.977,1
2024-12-08 23:00:00,5.827,1
2024-12-09 00:00:00,5.776,1
2024-12-09 04:00:00,5.82,1
2024-12-09 05:00:00,6.0,1
2024-12-09 06:00:00,5.509,1
2024-12-09 09:00:00,5.687,3
2024-12-09 10:00:00,5.49,1
2024-12-09 11:00:00,5.657,2
2024-12-09 13:00:00,5.583,4
2024-12-09 14:00:00,5.554,1
2024-12-09 15:00:00,5.574,4
2024-12-09 17:00:00,5.628,4
2024-12-09 18:00:00,5.48,1
2024-12-09 19:00:00,5.633,3
2024-12-09 20:00:00,4.87,1
2024-12-09 21:00:00,5.279,3
2024-12-09 22:00:00,5.15,3
2024-12-09 23:00:00,4.97,3
2024-12-10 00:00:00,5.707,1
2024-12-10 01:00:00,5.425,2
2024-12-10 02:00:00,4.85,1
2024-12-10 04:00:00,5.473,3
2024-12-10 05:00:00,5.6,1
2024-12-10 07:00:00,5.54,1
2024-12-10 09:00:00,5.512,1
2024-12-10 10:00:00,5.519,2
2024-12-10 13:00:00,5.325,2
2024-12-10 14:00:00,5.542,4
2024-12-10 17:00:00,5.15,3
2024-12-10 18:00:00,5.273,4
2024-12-10 19:00:00,5.571,3
2024-12-10 20:00:00,5.305,1
2024-12-10 21:00:00,7.363,2
2024-12-10 22:00:00,5.538,3
2024-12-10 23:00:00,5.296,2
2024-12-11 02:00:00,5.438,2
2024-12-11 03:00:00,5.75,1
2024-12-11 04:00:00,5.75,1
2024-12-11 05:00:00,5.15,1
2024-12-11 07:00:00,5.8,3
2024-12-11 10:00:00,5.989,1
2024-12-11 11:00:00,5.79,1
2024-12-11 13:00:00,5.463,2
2024-12-11 14:00:00,5.784,2
2024-12-11 15:00:00,5.835,2
2024-12-11 16:00:00,5.805,2
2024-12-11 17:00:00,5.853,4
2024-12-11 18:00:00,5.386,4
2024-12-11 20:00:00,5.923,1
2024-12-11 21:00:00,5.15,1
2024-12-11 22:00:00,5.667,3
2024-12-11 23:00:00,5.67,3
2024-12-12 00:00:00,5.51,3
2024-12-12 01:00:00,5.15,1
2024-12-12 02:00:00,5.64,1
2024-12-12 04:00:00,5.709,1
2024-12-12 06:00:00,5.9,1
2024-12-12 08:00:00,5.923,1
2024-12-12 09:00:00,5.931,3
2024-12-12 10:00:00,5.15,1
2024-12-12 11:00:00,5.752,1
2024-12-12 14:00:00,5.15,3
2024-12-12 15:00:00,5.612,1
2024-12-12 16:00:00,5.509,2
2024-12-12 17:00:00,5.342,2
2024-12-12 18:00:00,4.6,1
2024-12-12 19:00:00,5.0,1
2024-12-12 20:00:00,5.15,2
2024-12-12 22:00:00,5.545,2
